CREATE DATABASE IF NOT EXISTS `cmi` DEFAULT CHARACTER SET utf8;

USE `cmi`;



DROP TABLE IF EXISTS `ad10`;

CREATE TABLE `ad10` (
  `AD10_SEQ` int(11) NOT NULL AUTO_INCREMENT COMMENT '관리자번호',
  `AD10_ID` varchar(50) NOT NULL COMMENT '관리자ID',
  `AD10_PWD` varchar(200) NOT NULL COMMENT '비밀번호',
  `AD10_NAME` varchar(50) NOT NULL COMMENT '이름',
  `AD10_CELL_NO` varchar(20) NOT NULL COMMENT '모바일연락처',
  `AD10_STATUS` char(1) NOT NULL COMMENT '계정상태(Y:로그인허용,N:로그인제한)',
  `AD10_FAIL_COUNT` tinyint(4) NOT NULL DEFAULT '0' COMMENT '비밀번호 입력 오류 횟수',
  `AD10_LAST_LOGIN_DATE` datetime DEFAULT NULL COMMENT '마직막 로그인 일시',
  `AD10_PWD_LIMIT_DATE` date NOT NULL COMMENT '비밀번호 만료일',
  `AD10_REG_DATE` datetime NOT NULL COMMENT '등록일시',
  `AD10_REG_ID` varchar(50) NOT NULL COMMENT '등록자ID',
  `AD10_MOD_DATE` datetime NOT NULL COMMENT '수정일시',
  `AD10_MOD_ID` varchar(50) NOT NULL COMMENT '수정자ID',
  PRIMARY KEY (`AD10_SEQ`),
  UNIQUE KEY `IDX_AD10_ID` (`AD10_ID`)
) ENGINE=InnoDB AUTO_INCREMENT=28 DEFAULT CHARSET=utf8 COMMENT='관리자정보'

insert  into `ad10`(`AD10_SEQ`,`AD10_ID`,`AD10_PWD`,`AD10_NAME`,`AD10_CELL_NO`,`AD10_STATUS`,`AD10_FAIL_COUNT`,`AD10_LAST_LOGIN_DATE`,`AD10_PWD_LIMIT_DATE`,`AD10_REG_DATE`,`AD10_REG_ID`,`AD10_MOD_DATE`,`AD10_MOD_ID`) values 
(1,'admin@gmail.com','*97E7471D816A37E38510728AEA47440F9C6E2585','관리자','010-2249-3656','A',0,'2019-11-28 11:39:24','2020-02-18','2017-11-27 00:00:00','admin@gmail.com','2019-11-18 18:12:26','admin@gmail.com');



DROP TABLE IF EXISTS `ad11`;

CREATE TABLE `ad11` (
  `AD10_SEQ` int(11) NOT NULL COMMENT '관리자번호',
  `AD20_SEQ` int(11) NOT NULL COMMENT '메뉴번호',
  PRIMARY KEY (`AD10_SEQ`,`AD20_SEQ`)
) ENGINE=InnoDB DEFAULT CHARSET=utf8

insert  into `ad11`(`AD10_SEQ`,`AD20_SEQ`) values 
(1,1),(1,2),(1,3),(1,4),(1,5),(1,6),(1,7),(1,8);



DROP TABLE IF EXISTS `ad20`;

CREATE TABLE `ad20` (
  `AD20_SEQ` int(11) NOT NULL AUTO_INCREMENT COMMENT '메뉴항번',
  `AD20_TARGET` varchar(10) NOT NULL COMMENT '대상프레임명',
  `AD20_DEPTH1` varchar(30) NOT NULL COMMENT '대메뉴명',
  `AD20_DEPTH2` varchar(30) NOT NULL COMMENT '중메뉴명',
  `AD20_URL` varchar(100) NOT NULL COMMENT '메뉴URL',
  `AD20_ORDER` smallint(6) NOT NULL DEFAULT '99' COMMENT '메뉴순서',
  `AD20_USE_YN` char(1) NOT NULL DEFAULT 'N' COMMENT '사용여부',
  PRIMARY KEY (`AD20_SEQ`)
) ENGINE=InnoDB AUTO_INCREMENT=9 DEFAULT CHARSET=utf8

insert  into `ad20`(`AD20_SEQ`,`AD20_TARGET`,`AD20_DEPTH1`,`AD20_DEPTH2`,`AD20_URL`,`AD20_ORDER`,`AD20_USE_YN`) values 
(1,'body','서비스사용조회','서비스사용조회','/admin/service/statistics.ts',1,'Y'),
(2,'body','공지사항','공지사항','/admin/notice/list.ts',2,'Y'),
(3,'body','회원관리','고객사','/admin/customer/list.ts',3,'Y'),
(4,'body','회원관리','벤더사','/admin/vender/list.ts',4,'Y'),
(5,'body','회원관리','관리자','/admin/account/list.ts',5,'Y'),
(6,'body','서비스관리','서비스관리','/admin/service/list.ts',6,'Y'),
(7,'body','시스템','로그인이력조회','/admin/trace/list.ts',7,'Y'),
(8,'body','시스템','설정','/admin/config/main.ts',8,'Y');



DROP TABLE IF EXISTS `af10`;

CREATE TABLE `af10` (
  `AF10_SEQ` int(11) NOT NULL AUTO_INCREMENT COMMENT '파일항번',
  `AF10_TNAME` varchar(10) NOT NULL COMMENT '관련테이블명',
  `AF10_TSEQ` int(11) NOT NULL COMMENT '관련테이블 항번',
  `AF10_CTYPE` tinyint(4) NOT NULL DEFAULT '1' COMMENT '컨텐츠구분(1:대표이미지, 2:본문이미지, 9:첨부파일)',
  `AF10_FTYPE` char(1) NOT NULL DEFAULT 'I' COMMENT '파일구분(I:이미지, E:기타)',
  `AF10_ONAME` varchar(500) NOT NULL COMMENT '원본파일명',
  `AF10_SNAME` varchar(500) NOT NULL COMMENT '저장파일경로',
  `AF10_VOLUME` int(11) DEFAULT NULL COMMENT '파일크기',
  `AF10_EXPDAY` int(11) NOT NULL DEFAULT '10000' COMMENT '유효기간',
  `AF10_REGDATE` datetime NOT NULL DEFAULT CURRENT_TIMESTAMP COMMENT '등록일시',
  `AF10_UPDDATE` datetime NOT NULL DEFAULT CURRENT_TIMESTAMP COMMENT '수정일시',
  PRIMARY KEY (`AF10_SEQ`)
) ENGINE=InnoDB AUTO_INCREMENT=16 DEFAULT CHARSET=utf8 COMMENT='첨부파일 관리(Attach File)'

insert  into `af10`(`AF10_SEQ`,`AF10_TNAME`,`AF10_TSEQ`,`AF10_CTYPE`,`AF10_FTYPE`,`AF10_ONAME`,`AF10_SNAME`,`AF10_VOLUME`,`AF10_EXPDAY`,`AF10_REGDATE`,`AF10_UPDDATE`) values (1,'nt10_null',1,1,'I','KakaoTalk_20170328_170422346.jpg','/upload/nt10_null/2018-01-29/151721698750789661.jpg',110129,1000,'2018-01-29 18:09:20','2018-01-29 18:09:20'),(2,'nt10_null',1,9,'E','KakaoTalk_20170328_170422346.jpg','/upload/nt10_null/2018-01-29/151721698751385817.jpg',110129,1000,'2018-01-29 18:09:20','2018-01-29 18:09:20'),(3,'nt10_null',1,10,'E','KakaoTalk_20170328_170422753.jpg','/upload/nt10_null/2018-01-29/151721698751679133.jpg',108760,1000,'2018-01-29 18:09:20','2018-01-29 18:09:20'),(4,'nt10_null',2,1,'I','KakaoTalk_20170328_170422753.jpg','/upload/nt10_null/2018-02-02/151755184358961978.jpg',108760,1000,'2018-02-02 15:09:58','2018-02-02 15:09:58'),(5,'nt10_null',2,9,'E','전면.jpg','/upload/nt10_null/2018-02-02/151755184359448966.jpg',225940,1000,'2018-02-02 15:09:58','2018-02-02 15:09:58'),(6,'nt10_null',2,10,'E','h_d_bd_g.jpg','/upload/nt10_null/2018-02-02/151755184359664175.jpg',4024699,1000,'2018-02-02 15:09:58','2018-02-02 15:09:58'),(7,'nt10_null',3,9,'E','20180712_093419.jpg','/upload/nt10_null/2018-08-21/153483587986445384.jpg',2899962,1000,'2018-08-21 16:17:16','2018-08-21 16:17:16'),(8,'nt10_null',1017,1,'I','20180311_194510.jpg','/upload/nt10_null/2018-08-24/153509479650679937.jpg',122593,1000,'2018-08-24 16:12:09','2018-08-24 16:12:09'),(9,'nt10_null',1017,9,'E','20180311_194525.jpg','/upload/nt10_null/2018-08-24/15350947965151653.jpg',124082,1000,'2018-08-24 16:12:09','2018-08-24 16:12:09'),(10,'nt10_null',1017,10,'E','20180712_093419.jpg','/upload/nt10_null/2018-08-24/153509479652710584.jpg',2899962,1000,'2018-08-24 16:12:09','2018-08-24 16:12:09'),(15,'nt10',1018,9,'E','SMC 솔루션 광고등록 API(당사용).xlsx','157493217424059780.xlsx',67011,99999,'2019-11-28 18:16:59','2019-11-28 18:16:59');



DROP TABLE IF EXISTS `cf10`;

CREATE TABLE `cf10` (
  `CF10_ID` varchar(20) NOT NULL COMMENT '적용대상ID',
  `CF10_SESSION_TIME_LIMIT` tinyint(4) NOT NULL DEFAULT '30' COMMENT '로그인세션 유지시간',
  `CF10_PIN_USE_YN` char(1) NOT NULL DEFAULT 'N' COMMENT '관리자PIN 인증사용설정',
  `CF10_PIN_TIME_LIMIT_A` tinyint(4) NOT NULL DEFAULT '5' COMMENT '관리자 PIN인증 유효시간설정',
  `CF10_PIN_TIME_LIMIT_B` tinyint(4) NOT NULL DEFAULT '5' COMMENT '고객 PIN인증 유효시간설정',
  `CF10_FOOTER_TEXT` varchar(1000) NOT NULL COMMENT '관리자화면 Footer 내용',
  PRIMARY KEY (`CF10_ID`)
) ENGINE=InnoDB DEFAULT CHARSET=utf8 COMMENT='기본설정정보관리'

insert  into `cf10`(`CF10_ID`,`CF10_SESSION_TIME_LIMIT`,`CF10_PIN_USE_YN`,`CF10_PIN_TIME_LIMIT_A`,`CF10_PIN_TIME_LIMIT_B`,`CF10_FOOTER_TEXT`) values 
('CMI',30,'N',5,5,'COPYRIGHT&copy; &ldquo;Goodpaper&rdquo;. ALL RIGHTS RESERVED'),
('VOLVO',30,'N',7,5,'Copyright &copy; Volvo Financial Services. All rights reserved.');



DROP TABLE IF EXISTS `co10`;

CREATE TABLE `co10` (
  `CO10_ID` varchar(30) NOT NULL COMMENT '고객사ID',
  `CO10_NAME` varchar(50) NOT NULL COMMENT '고객명',
  `CO10_BIZ_NO` varchar(12) NOT NULL COMMENT '사업자 등록번호',
  `CO10_APPLY_DATE` date NOT NULL COMMENT '서비스 신청일',
  `CO10_SERVICE_START_DATE` date NOT NULL COMMENT '서비스 개시일',
  `CO10_SERVICE_STOP_DATE` date DEFAULT NULL COMMENT '서비스 중지일',
  `CO10_REG_DATE` datetime NOT NULL DEFAULT CURRENT_TIMESTAMP COMMENT '등록일시',
  `CO10_REG_ID` varchar(50) NOT NULL COMMENT '등록자ID',
  `CO10_MOD_DATE` datetime NOT NULL DEFAULT CURRENT_TIMESTAMP COMMENT '수정일시',
  `CO10_MOD_ID` varchar(50) NOT NULL COMMENT '수정자ID',
  PRIMARY KEY (`CO10_ID`)
) ENGINE=InnoDB DEFAULT CHARSET=utf8 COMMENT='고객사관리'

insert  into `co10`(`CO10_ID`,`CO10_NAME`,`CO10_BIZ_NO`,`CO10_APPLY_DATE`,`CO10_SERVICE_START_DATE`,`CO10_SERVICE_STOP_DATE`,`CO10_REG_DATE`,`CO10_REG_ID`,`CO10_MOD_DATE`,`CO10_MOD_ID`) values 
('VOLVO','볼보코리아','000-00-00000','2019-11-19','2019-11-19','2019-11-30','2019-11-19 11:18:12','admin@gmail.com','2019-11-19 11:18:12','admin@gmail.com');



DROP TABLE IF EXISTS `co11`;

CREATE TABLE `co11` (
  `CO11_SEQ` int(50) NOT NULL AUTO_INCREMENT COMMENT '고객사담당자관리번호',
  `CO10_ID` varchar(30) NOT NULL COMMENT '고객사ID',
  `CO11_TYPE` tinyint(4) NOT NULL COMMENT '담당파트(1:계약,2:전산,3:IT)',
  `CO11_NAME` varchar(30) NOT NULL COMMENT '담당자명',
  `CO11_CELL_NO` varchar(11) NOT NULL COMMENT '휴대폰번호',
  `CO11_EMAIL` varchar(100) NOT NULL COMMENT '이메일주소',
  `CO11_PUSH_YN` char(1) NOT NULL COMMENT '공지알림수신 여부',
  PRIMARY KEY (`CO11_SEQ`)
) ENGINE=InnoDB AUTO_INCREMENT=82 DEFAULT CHARSET=utf8 COMMENT='고객사담당자관리'



DROP TABLE IF EXISTS `co12`;

CREATE TABLE `co12` (
  `CO10_ID` varchar(50) NOT NULL COMMENT '고객사ID',
  `SV10_CODE` varchar(6) NOT NULL COMMENT '서비스코드',
  `CO12_COST` smallint(6) NOT NULL DEFAULT '0' COMMENT '서비스 단가',
  PRIMARY KEY (`CO10_ID`,`SV10_CODE`)
) ENGINE=InnoDB DEFAULT CHARSET=utf8 COMMENT='고객사 사용 서비스 관리'

insert  into `co12`(`CO10_ID`,`SV10_CODE`,`CO12_COST`) values 
('VOLVO','GP001',0),
('VOLVO','VD001',0),
('VOLVO','VD002',0),
('VOLVO','VD003',0);



DROP TABLE IF EXISTS `co13`;

CREATE TABLE `co13` (
  `CO13_SEQ` int(11) NOT NULL AUTO_INCREMENT COMMENT '운영자번호',
  `CO10_ID` varchar(50) NOT NULL COMMENT '고객사ID',
  `CO13_ID` varchar(50) NOT NULL COMMENT '로그인ID',
  `CO13_PWD` varchar(100) NOT NULL COMMENT '비밀번호',
  `CO13_STATUS` char(1) NOT NULL COMMENT '계정상태(Y:로그인허용,N:로그인제한)',
  `CO13_NAME` varchar(20) DEFAULT NULL COMMENT '이름',
  `CO13_CELL_NO` varchar(20) DEFAULT NULL COMMENT '휴대폰번호',
  `CO13_LAST_LOGIN_DATE` datetime DEFAULT NULL COMMENT '마지막 로그인 일시',
  `CO13_PWD_LIMIT_DATE` date DEFAULT NULL COMMENT '비밀번호 만료일',
  `CO13_REG_DATE` datetime NOT NULL DEFAULT CURRENT_TIMESTAMP COMMENT '등록일시',
  `CO13_REG_ID` varchar(50) NOT NULL COMMENT '등록자ID',
  `CO13_MOD_DATE` datetime NOT NULL DEFAULT CURRENT_TIMESTAMP COMMENT '수정일시',
  `CO13_MOD_ID` varchar(50) NOT NULL COMMENT '수정자ID',
  PRIMARY KEY (`CO13_SEQ`),
  UNIQUE KEY `IDX_co13_1` (`CO13_ID`)
) ENGINE=InnoDB AUTO_INCREMENT=12 DEFAULT CHARSET=utf8

insert  into `co13`(`CO10_ID`,`CO13_ID`,`CO13_PWD`,`CO13_STATUS`,`CO13_NAME`,`CO13_CELL_NO`,`CO13_LAST_LOGIN_DATE`,`CO13_PWD_LIMIT_DATE`,`CO13_REG_DATE`,`CO13_REG_ID`,`CO13_MOD_DATE`,`CO13_MOD_ID`) values 
('VOLVO','manager@volvo.com','*97E7471D816A37E38510728AEA47440F9C6E2585','Y','운영자1','010-2249-3656','2019-12-02 10:32:03','2020-02-20','2019-11-19 11:16:45','admin@gmail.com','2019-11-20 14:44:27','manager@volvo.com');



DROP TABLE IF EXISTS `co14`;

CREATE TABLE `co14` (
  `CO13_SEQ` int(11) NOT NULL COMMENT '운영자 항번',
  `CO20_SEQ` int(11) NOT NULL COMMENT '메뉴 항번',
  PRIMARY KEY (`CO13_SEQ`,`CO20_SEQ`)
) ENGINE=InnoDB DEFAULT CHARSET=utf8

-- volvo
insert  into `co14`(`CO13_SEQ`,`CO20_SEQ`) values 
(1,1),(1,2),(1,3),(1,4),(1,5),(1,6);

-- kicc
insert  into `co14`(`CO13_SEQ`,`CO20_SEQ`) values 
(12,1),(12,2),(12,3),(12,4),(12,5),(12,6);



DROP TABLE IF EXISTS `co15`;

CREATE TABLE `co15` (
  `CO10_ID` varchar(30) NOT NULL COMMENT '고객사ID',
  `CO20_SEQ` int(11) NOT NULL COMMENT '메뉴 항번',
  PRIMARY KEY (`CO10_ID`,`CO20_SEQ`)
) ENGINE=InnoDB DEFAULT CHARSET=utf8

-- volvo
insert  into `co15`(`CO10_ID`,`CO20_SEQ`) values 
('VOLVO',1),('VOLVO',2),('VOLVO',3),('VOLVO',4),('VOLVO',5),('VOLVO',6);

-- kicc
insert  into `co15`(`CO10_ID`,`CO20_SEQ`) values 
('KICC',1),('KICC',2),('KICC',3),('KICC',4),('KICC',5),('KICC',6),('KICC',7);



DROP TABLE IF EXISTS `co20`;

CREATE TABLE `co20` (
  `CO20_SEQ` int(11) NOT NULL AUTO_INCREMENT COMMENT '메뉴항번',
  `CO20_TARGET` varchar(10) NOT NULL COMMENT '대상프레임명',
  `CO20_DEPTH1` varchar(30) NOT NULL COMMENT '대메뉴명',
  `CO20_DEPTH2` varchar(30) NOT NULL COMMENT '중메뉴명',
  `CO20_URL` varchar(100) NOT NULL COMMENT '메뉴URL',
  `CO20_ORDER` smallint(6) NOT NULL DEFAULT '99' COMMENT '메뉴순서',
  `CO20_USE_YN` char(1) NOT NULL DEFAULT 'N' COMMENT '사용여부',
  PRIMARY KEY (`CO20_SEQ`)
) ENGINE=InnoDB AUTO_INCREMENT=7 DEFAULT CHARSET=utf8

insert  into `co20`(`CO20_SEQ`,`CO20_TARGET`,`CO20_DEPTH1`,`CO20_DEPTH2`,`CO20_URL`,`CO20_ORDER`,`CO20_USE_YN`) values 
(1,'body','공지사항','공지사항','/customer/notice/list.ts',1,'Y'),
(2,'body','CMI관리','진행현황조회','/customer/cmi/monitor.ts',2,'Y'),
(3,'body','시스템','운영자관리','/customer/account/list.ts',3,'Y'),
(4,'body','시스템','로그인이력조회','/customer/trace/list.ts',4,'Y'),
(5,'body','시스템','설정','/customer/config/main.ts',5,'Y'),
(6,'body','시스템','서비스사용조회','/customer/service/statistics.ts',6,'Y');

insert  into `co20`(`CO20_TARGET`,`CO20_DEPTH1`,`CO20_DEPTH2`,`CO20_URL`,`CO20_ORDER`,`CO20_USE_YN`) values 
('body','임시','임시메뉴','/customer/temp/list.ts',7,'Y');



DROP TABLE IF EXISTS `nt10`;

CREATE TABLE `nt10` (
  `NT10_SEQ` int(11) NOT NULL AUTO_INCREMENT COMMENT '공지사항 항번 ',
  `NT10_TITLE` varchar(200) NOT NULL COMMENT '제목',
  `NT10_SMS_CONTENT` text NOT NULL COMMENT 'SMS 발송 본문 내용',
  `NT10_CONTENT` text NOT NULL COMMENT '내용',
  `NT10_VIEW_CNT` int(11) NOT NULL DEFAULT '0' COMMENT '조회수',
  `NT10_REG_DATE` datetime NOT NULL DEFAULT CURRENT_TIMESTAMP COMMENT '등록일시',
  `NT10_REG_ID` varchar(30) NOT NULL COMMENT '등록자ID',
  `NT10_MOD_DATE` datetime NOT NULL DEFAULT CURRENT_TIMESTAMP COMMENT '수정일시',
  `NT10_MOD_ID` varchar(30) NOT NULL COMMENT '수정자ID',
  `NT10_SMS_CNT` smallint(8) NOT NULL DEFAULT '0',
  PRIMARY KEY (`NT10_SEQ`)
) ENGINE=InnoDB AUTO_INCREMENT=1022 DEFAULT CHARSET=utf8 COMMENT='공지사항 정보'

insert  into `nt10`(`NT10_SEQ`,`NT10_TITLE`,`NT10_SMS_CONTENT`,`NT10_CONTENT`,`NT10_VIEW_CNT`,`NT10_REG_DATE`,`NT10_REG_ID`,`NT10_MOD_DATE`,`NT10_MOD_ID`) values (3,'ddd','','ddd',0,'2018-08-21 16:17:16','1','2018-08-21 16:17:16',''),(4,'ddd','','ddd',0,'2018-08-24 15:41:30','1','2018-08-24 15:41:30',''),(5,'ddd','','ddd',0,'2018-08-24 15:41:31','1','2018-08-24 15:41:31',''),(6,'ddd','','ddd',0,'2018-08-24 15:41:31','1','2018-08-24 15:41:31',''),(8,'ddd','','ddd',0,'2018-08-24 15:41:32','1','2018-08-24 15:41:32',''),(9,'ddd','','ddd',0,'2018-08-24 15:41:32','1','2018-08-24 15:41:32',''),(10,'ddd','','ddd',0,'2018-08-24 15:41:32','1','2018-08-24 15:41:32',''),(11,'ddd','','ddd',0,'2018-08-24 15:41:32','1','2018-08-24 15:41:32',''),(15,'ddd','','ddd',0,'2018-08-24 15:41:32','1','2018-08-24 15:41:32',''),(16,'ddd','','ddd',0,'2018-08-24 15:41:32','1','2018-08-24 15:41:32',''),(17,'ddd','','ddd',0,'2018-08-24 15:41:32','1','2018-08-24 15:41:32',''),(18,'ddd','','ddd',0,'2018-08-24 15:41:32','1','2018-08-24 15:41:32',''),(19,'ddd','','ddd',0,'2018-08-24 15:41:32','1','2018-08-24 15:41:32',''),(20,'ddd','','ddd',0,'2018-08-24 15:41:32','1','2018-08-24 15:41:32',''),(21,'ddd','','ddd',0,'2018-08-24 15:41:32','1','2018-08-24 15:41:32',''),(22,'ddd','','ddd',0,'2018-08-24 15:41:32','1','2018-08-24 15:41:32',''),(30,'ddd','','ddd',0,'2018-08-24 15:41:32','1','2018-08-24 15:41:32',''),(31,'ddd','','ddd',0,'2018-08-24 15:41:32','1','2018-08-24 15:41:32',''),(32,'ddd','','ddd',0,'2018-08-24 15:41:32','1','2018-08-24 15:41:32',''),(33,'ddd','','ddd',0,'2018-08-24 15:41:32','1','2018-08-24 15:41:32',''),(34,'ddd','','ddd',0,'2018-08-24 15:41:32','1','2018-08-24 15:41:32',''),(35,'ddd','','ddd',0,'2018-08-24 15:41:32','1','2018-08-24 15:41:32',''),(36,'ddd','','ddd',0,'2018-08-24 15:41:32','1','2018-08-24 15:41:32',''),(37,'ddd','','ddd',0,'2018-08-24 15:41:32','1','2018-08-24 15:41:32',''),(38,'ddd','','ddd',0,'2018-08-24 15:41:32','1','2018-08-24 15:41:32',''),(39,'ddd','','ddd',0,'2018-08-24 15:41:32','1','2018-08-24 15:41:32',''),(40,'ddd','','ddd',0,'2018-08-24 15:41:32','1','2018-08-24 15:41:32',''),(41,'ddd','','ddd',0,'2018-08-24 15:41:32','1','2018-08-24 15:41:32',''),(42,'ddd','','ddd',0,'2018-08-24 15:41:32','1','2018-08-24 15:41:32',''),(43,'ddd','','ddd',0,'2018-08-24 15:41:32','1','2018-08-24 15:41:32',''),(44,'ddd','','ddd',0,'2018-08-24 15:41:32','1','2018-08-24 15:41:32',''),(45,'ddd','','ddd',0,'2018-08-24 15:41:32','1','2018-08-24 15:41:32',''),(61,'ddd','','ddd',0,'2018-08-24 15:41:33','1','2018-08-24 15:41:33',''),(62,'ddd','','ddd',0,'2018-08-24 15:41:33','1','2018-08-24 15:41:33',''),(63,'ddd','','ddd',0,'2018-08-24 15:41:33','1','2018-08-24 15:41:33',''),(64,'ddd','','ddd',0,'2018-08-24 15:41:33','1','2018-08-24 15:41:33',''),(65,'ddd','','ddd',0,'2018-08-24 15:41:33','1','2018-08-24 15:41:33',''),(66,'ddd','','ddd',0,'2018-08-24 15:41:33','1','2018-08-24 15:41:33',''),(67,'ddd','','ddd',0,'2018-08-24 15:41:33','1','2018-08-24 15:41:33',''),(68,'ddd','','ddd',0,'2018-08-24 15:41:33','1','2018-08-24 15:41:33',''),(69,'ddd','','ddd',0,'2018-08-24 15:41:33','1','2018-08-24 15:41:33',''),(70,'ddd','','ddd',0,'2018-08-24 15:41:33','1','2018-08-24 15:41:33',''),(71,'ddd','','ddd',0,'2018-08-24 15:41:33','1','2018-08-24 15:41:33',''),(72,'ddd','','ddd',0,'2018-08-24 15:41:33','1','2018-08-24 15:41:33',''),(73,'ddd','','ddd',0,'2018-08-24 15:41:33','1','2018-08-24 15:41:33',''),(74,'ddd','','ddd',0,'2018-08-24 15:41:33','1','2018-08-24 15:41:33',''),(75,'ddd','','ddd',0,'2018-08-24 15:41:33','1','2018-08-24 15:41:33',''),(76,'ddd','','ddd',0,'2018-08-24 15:41:33','1','2018-08-24 15:41:33',''),(77,'ddd','','ddd',0,'2018-08-24 15:41:33','1','2018-08-24 15:41:33',''),(78,'ddd','','ddd',0,'2018-08-24 15:41:33','1','2018-08-24 15:41:33',''),(79,'ddd','','ddd',0,'2018-08-24 15:41:33','1','2018-08-24 15:41:33',''),(80,'ddd','','ddd',0,'2018-08-24 15:41:33','1','2018-08-24 15:41:33',''),(81,'ddd','','ddd',0,'2018-08-24 15:41:33','1','2018-08-24 15:41:33',''),(82,'ddd','','ddd',0,'2018-08-24 15:41:33','1','2018-08-24 15:41:33',''),(83,'ddd','','ddd',0,'2018-08-24 15:41:33','1','2018-08-24 15:41:33',''),(84,'ddd','','ddd',0,'2018-08-24 15:41:33','1','2018-08-24 15:41:33',''),(85,'ddd','','ddd',0,'2018-08-24 15:41:33','1','2018-08-24 15:41:33',''),(86,'ddd','','ddd',0,'2018-08-24 15:41:33','1','2018-08-24 15:41:33',''),(87,'ddd','','ddd',0,'2018-08-24 15:41:33','1','2018-08-24 15:41:33',''),(88,'ddd','','ddd',0,'2018-08-24 15:41:33','1','2018-08-24 15:41:33',''),(89,'ddd','','ddd',0,'2018-08-24 15:41:33','1','2018-08-24 15:41:33',''),(90,'ddd','','ddd',0,'2018-08-24 15:41:33','1','2018-08-24 15:41:33',''),(91,'ddd','','ddd',0,'2018-08-24 15:41:33','1','2018-08-24 15:41:33',''),(92,'ddd','','ddd',0,'2018-08-24 15:41:33','1','2018-08-24 15:41:33',''),(124,'ddd','','ddd',0,'2018-08-24 15:41:33','1','2018-08-24 15:41:33',''),(125,'ddd','','ddd',0,'2018-08-24 15:41:33','1','2018-08-24 15:41:33',''),(126,'ddd','','ddd',0,'2018-08-24 15:41:33','1','2018-08-24 15:41:33',''),(127,'ddd','','ddd',0,'2018-08-24 15:41:33','1','2018-08-24 15:41:33',''),(128,'ddd','','ddd',0,'2018-08-24 15:41:33','1','2018-08-24 15:41:33',''),(129,'ddd','','ddd',0,'2018-08-24 15:41:33','1','2018-08-24 15:41:33',''),(130,'ddd','','ddd',0,'2018-08-24 15:41:33','1','2018-08-24 15:41:33',''),(131,'ddd','','ddd',0,'2018-08-24 15:41:33','1','2018-08-24 15:41:33',''),(132,'ddd','','ddd',0,'2018-08-24 15:41:33','1','2018-08-24 15:41:33',''),(133,'ddd','','ddd',0,'2018-08-24 15:41:33','1','2018-08-24 15:41:33',''),(134,'ddd','','ddd',0,'2018-08-24 15:41:33','1','2018-08-24 15:41:33',''),(135,'ddd','','ddd',0,'2018-08-24 15:41:33','1','2018-08-24 15:41:33',''),(136,'ddd','','ddd',0,'2018-08-24 15:41:33','1','2018-08-24 15:41:33',''),(137,'ddd','','ddd',0,'2018-08-24 15:41:33','1','2018-08-24 15:41:33',''),(138,'ddd','','ddd',0,'2018-08-24 15:41:33','1','2018-08-24 15:41:33',''),(139,'ddd','','ddd',0,'2018-08-24 15:41:33','1','2018-08-24 15:41:33',''),(140,'ddd','','ddd',0,'2018-08-24 15:41:33','1','2018-08-24 15:41:33',''),(141,'ddd','','ddd',0,'2018-08-24 15:41:33','1','2018-08-24 15:41:33',''),(142,'ddd','','ddd',0,'2018-08-24 15:41:33','1','2018-08-24 15:41:33',''),(143,'ddd','','ddd',0,'2018-08-24 15:41:33','1','2018-08-24 15:41:33',''),(144,'ddd','','ddd',0,'2018-08-24 15:41:33','1','2018-08-24 15:41:33',''),(145,'ddd','','ddd',0,'2018-08-24 15:41:33','1','2018-08-24 15:41:33',''),(146,'ddd','','ddd',0,'2018-08-24 15:41:33','1','2018-08-24 15:41:33',''),(147,'ddd','','ddd',0,'2018-08-24 15:41:33','1','2018-08-24 15:41:33',''),(148,'ddd','','ddd',0,'2018-08-24 15:41:33','1','2018-08-24 15:41:33',''),(149,'ddd','','ddd',0,'2018-08-24 15:41:33','1','2018-08-24 15:41:33',''),(150,'ddd','','ddd',0,'2018-08-24 15:41:33','1','2018-08-24 15:41:33',''),(151,'ddd','','ddd',0,'2018-08-24 15:41:33','1','2018-08-24 15:41:33',''),(152,'ddd','','ddd',0,'2018-08-24 15:41:33','1','2018-08-24 15:41:33',''),(153,'ddd','','ddd',0,'2018-08-24 15:41:33','1','2018-08-24 15:41:33',''),(154,'ddd','','ddd',0,'2018-08-24 15:41:33','1','2018-08-24 15:41:33',''),(155,'ddd','','ddd',0,'2018-08-24 15:41:33','1','2018-08-24 15:41:33',''),(156,'ddd','','ddd',0,'2018-08-24 15:41:33','1','2018-08-24 15:41:33',''),(157,'ddd','','ddd',0,'2018-08-24 15:41:33','1','2018-08-24 15:41:33',''),(158,'ddd','','ddd',0,'2018-08-24 15:41:33','1','2018-08-24 15:41:33',''),(159,'ddd','','ddd',0,'2018-08-24 15:41:33','1','2018-08-24 15:41:33',''),(160,'ddd','','ddd',0,'2018-08-24 15:41:33','1','2018-08-24 15:41:33',''),(161,'ddd','','ddd',0,'2018-08-24 15:41:33','1','2018-08-24 15:41:33',''),(162,'ddd','','ddd',0,'2018-08-24 15:41:33','1','2018-08-24 15:41:33',''),(163,'ddd','','ddd',0,'2018-08-24 15:41:33','1','2018-08-24 15:41:33',''),(164,'ddd','','ddd',0,'2018-08-24 15:41:33','1','2018-08-24 15:41:33',''),(165,'ddd','','ddd',0,'2018-08-24 15:41:33','1','2018-08-24 15:41:33',''),(166,'ddd','','ddd',0,'2018-08-24 15:41:33','1','2018-08-24 15:41:33',''),(167,'ddd','','ddd',0,'2018-08-24 15:41:33','1','2018-08-24 15:41:33',''),(168,'ddd','','ddd',0,'2018-08-24 15:41:33','1','2018-08-24 15:41:33',''),(169,'ddd','','ddd',0,'2018-08-24 15:41:33','1','2018-08-24 15:41:33',''),(170,'ddd','','ddd',0,'2018-08-24 15:41:33','1','2018-08-24 15:41:33',''),(171,'ddd','','ddd',0,'2018-08-24 15:41:33','1','2018-08-24 15:41:33',''),(172,'ddd','','ddd',0,'2018-08-24 15:41:33','1','2018-08-24 15:41:33',''),(173,'ddd','','ddd',0,'2018-08-24 15:41:33','1','2018-08-24 15:41:33',''),(174,'ddd','','ddd',0,'2018-08-24 15:41:33','1','2018-08-24 15:41:33',''),(175,'ddd','','ddd',0,'2018-08-24 15:41:33','1','2018-08-24 15:41:33',''),(176,'ddd','','ddd',0,'2018-08-24 15:41:33','1','2018-08-24 15:41:33',''),(177,'ddd','','ddd',0,'2018-08-24 15:41:33','1','2018-08-24 15:41:33',''),(178,'ddd','','ddd',0,'2018-08-24 15:41:33','1','2018-08-24 15:41:33',''),(179,'ddd','','ddd',0,'2018-08-24 15:41:33','1','2018-08-24 15:41:33',''),(180,'ddd','','ddd',0,'2018-08-24 15:41:33','1','2018-08-24 15:41:33',''),(181,'ddd','','ddd',0,'2018-08-24 15:41:33','1','2018-08-24 15:41:33',''),(182,'ddd','','ddd',0,'2018-08-24 15:41:33','1','2018-08-24 15:41:33',''),(183,'ddd','','ddd',0,'2018-08-24 15:41:33','1','2018-08-24 15:41:33',''),(184,'ddd','','ddd',0,'2018-08-24 15:41:33','1','2018-08-24 15:41:33',''),(185,'ddd','','ddd',0,'2018-08-24 15:41:33','1','2018-08-24 15:41:33',''),(186,'ddd','','ddd',0,'2018-08-24 15:41:33','1','2018-08-24 15:41:33',''),(187,'ddd','','ddd',0,'2018-08-24 15:41:33','1','2018-08-24 15:41:33',''),(251,'ddd','','ddd',0,'2018-08-24 15:41:33','1','2018-08-24 15:41:33',''),(252,'ddd','','ddd',0,'2018-08-24 15:41:33','1','2018-08-24 15:41:33',''),(253,'ddd','','ddd',0,'2018-08-24 15:41:33','1','2018-08-24 15:41:33',''),(254,'ddd','','ddd',0,'2018-08-24 15:41:33','1','2018-08-24 15:41:33',''),(255,'ddd','','ddd',0,'2018-08-24 15:41:33','1','2018-08-24 15:41:33',''),(256,'ddd','','ddd',0,'2018-08-24 15:41:33','1','2018-08-24 15:41:33',''),(257,'ddd','','ddd',0,'2018-08-24 15:41:33','1','2018-08-24 15:41:33',''),(258,'ddd','','ddd',0,'2018-08-24 15:41:33','1','2018-08-24 15:41:33',''),(259,'ddd','','ddd',0,'2018-08-24 15:41:33','1','2018-08-24 15:41:33',''),(260,'ddd','','ddd',0,'2018-08-24 15:41:33','1','2018-08-24 15:41:33',''),(261,'ddd','','ddd',0,'2018-08-24 15:41:33','1','2018-08-24 15:41:33',''),(262,'ddd','','ddd',0,'2018-08-24 15:41:33','1','2018-08-24 15:41:33',''),(263,'ddd','','ddd',0,'2018-08-24 15:41:33','1','2018-08-24 15:41:33',''),(264,'ddd','','ddd',0,'2018-08-24 15:41:33','1','2018-08-24 15:41:33',''),(265,'ddd','','ddd',0,'2018-08-24 15:41:33','1','2018-08-24 15:41:33',''),(266,'ddd','','ddd',0,'2018-08-24 15:41:33','1','2018-08-24 15:41:33',''),(267,'ddd','','ddd',0,'2018-08-24 15:41:33','1','2018-08-24 15:41:33',''),(268,'ddd','','ddd',0,'2018-08-24 15:41:33','1','2018-08-24 15:41:33',''),(269,'ddd','','ddd',0,'2018-08-24 15:41:33','1','2018-08-24 15:41:33',''),(270,'ddd','','ddd',0,'2018-08-24 15:41:33','1','2018-08-24 15:41:33',''),(271,'ddd','','ddd',0,'2018-08-24 15:41:33','1','2018-08-24 15:41:33',''),(272,'ddd','','ddd',0,'2018-08-24 15:41:33','1','2018-08-24 15:41:33',''),(273,'ddd','','ddd',0,'2018-08-24 15:41:33','1','2018-08-24 15:41:33',''),(274,'ddd','','ddd',0,'2018-08-24 15:41:33','1','2018-08-24 15:41:33',''),(275,'ddd','','ddd',0,'2018-08-24 15:41:33','1','2018-08-24 15:41:33',''),(276,'ddd','','ddd',0,'2018-08-24 15:41:33','1','2018-08-24 15:41:33',''),(277,'ddd','','ddd',0,'2018-08-24 15:41:33','1','2018-08-24 15:41:33',''),(278,'ddd','','ddd',0,'2018-08-24 15:41:33','1','2018-08-24 15:41:33',''),(279,'ddd','','ddd',0,'2018-08-24 15:41:33','1','2018-08-24 15:41:33',''),(280,'ddd','','ddd',0,'2018-08-24 15:41:33','1','2018-08-24 15:41:33',''),(281,'ddd','','ddd',0,'2018-08-24 15:41:33','1','2018-08-24 15:41:33',''),(282,'ddd','','ddd',0,'2018-08-24 15:41:33','1','2018-08-24 15:41:33',''),(283,'ddd','','ddd',0,'2018-08-24 15:41:33','1','2018-08-24 15:41:33',''),(284,'ddd','','ddd',0,'2018-08-24 15:41:33','1','2018-08-24 15:41:33',''),(285,'ddd','','ddd',0,'2018-08-24 15:41:33','1','2018-08-24 15:41:33',''),(286,'ddd','','ddd',0,'2018-08-24 15:41:33','1','2018-08-24 15:41:33',''),(287,'ddd','','ddd',0,'2018-08-24 15:41:33','1','2018-08-24 15:41:33',''),(288,'ddd','','ddd',0,'2018-08-24 15:41:33','1','2018-08-24 15:41:33',''),(289,'ddd','','ddd',0,'2018-08-24 15:41:33','1','2018-08-24 15:41:33',''),(290,'ddd','','ddd',0,'2018-08-24 15:41:33','1','2018-08-24 15:41:33',''),(291,'ddd','','ddd',0,'2018-08-24 15:41:33','1','2018-08-24 15:41:33',''),(292,'ddd','','ddd',0,'2018-08-24 15:41:33','1','2018-08-24 15:41:33',''),(293,'ddd','','ddd',0,'2018-08-24 15:41:33','1','2018-08-24 15:41:33',''),(294,'ddd','','ddd',0,'2018-08-24 15:41:33','1','2018-08-24 15:41:33',''),(295,'ddd','','ddd',0,'2018-08-24 15:41:33','1','2018-08-24 15:41:33',''),(296,'ddd','','ddd',0,'2018-08-24 15:41:33','1','2018-08-24 15:41:33',''),(297,'ddd','','ddd',0,'2018-08-24 15:41:33','1','2018-08-24 15:41:33',''),(298,'ddd','','ddd',0,'2018-08-24 15:41:33','1','2018-08-24 15:41:33',''),(299,'ddd','','ddd',0,'2018-08-24 15:41:33','1','2018-08-24 15:41:33',''),(300,'ddd','','ddd',0,'2018-08-24 15:41:33','1','2018-08-24 15:41:33',''),(301,'ddd','','ddd',0,'2018-08-24 15:41:33','1','2018-08-24 15:41:33',''),(302,'ddd','','ddd',0,'2018-08-24 15:41:33','1','2018-08-24 15:41:33',''),(303,'ddd','','ddd',0,'2018-08-24 15:41:33','1','2018-08-24 15:41:33',''),(304,'ddd','','ddd',0,'2018-08-24 15:41:33','1','2018-08-24 15:41:33',''),(305,'ddd','','ddd',0,'2018-08-24 15:41:33','1','2018-08-24 15:41:33',''),(306,'ddd','','ddd',0,'2018-08-24 15:41:33','1','2018-08-24 15:41:33',''),(307,'ddd','','ddd',0,'2018-08-24 15:41:33','1','2018-08-24 15:41:33',''),(308,'ddd','','ddd',0,'2018-08-24 15:41:33','1','2018-08-24 15:41:33',''),(309,'ddd','','ddd',0,'2018-08-24 15:41:33','1','2018-08-24 15:41:33',''),(310,'ddd','','ddd',0,'2018-08-24 15:41:33','1','2018-08-24 15:41:33',''),(311,'ddd','','ddd',0,'2018-08-24 15:41:33','1','2018-08-24 15:41:33',''),(312,'ddd','','ddd',0,'2018-08-24 15:41:33','1','2018-08-24 15:41:33',''),(313,'ddd','','ddd',0,'2018-08-24 15:41:33','1','2018-08-24 15:41:33',''),(314,'ddd','','ddd',0,'2018-08-24 15:41:33','1','2018-08-24 15:41:33',''),(315,'ddd','','ddd',0,'2018-08-24 15:41:33','1','2018-08-24 15:41:33',''),(316,'ddd','','ddd',0,'2018-08-24 15:41:33','1','2018-08-24 15:41:33',''),(317,'ddd','','ddd',0,'2018-08-24 15:41:33','1','2018-08-24 15:41:33',''),(318,'ddd','','ddd',0,'2018-08-24 15:41:33','1','2018-08-24 15:41:33',''),(319,'ddd','','ddd',0,'2018-08-24 15:41:33','1','2018-08-24 15:41:33',''),(320,'ddd','','ddd',0,'2018-08-24 15:41:33','1','2018-08-24 15:41:33',''),(321,'ddd','','ddd',0,'2018-08-24 15:41:33','1','2018-08-24 15:41:33',''),(322,'ddd','','ddd',0,'2018-08-24 15:41:33','1','2018-08-24 15:41:33',''),(323,'ddd','','ddd',0,'2018-08-24 15:41:33','1','2018-08-24 15:41:33',''),(324,'ddd','','ddd',0,'2018-08-24 15:41:33','1','2018-08-24 15:41:33',''),(325,'ddd','','ddd',0,'2018-08-24 15:41:33','1','2018-08-24 15:41:33',''),(326,'ddd','','ddd',0,'2018-08-24 15:41:33','1','2018-08-24 15:41:33',''),(327,'ddd','','ddd',0,'2018-08-24 15:41:33','1','2018-08-24 15:41:33',''),(328,'ddd','','ddd',0,'2018-08-24 15:41:33','1','2018-08-24 15:41:33',''),(329,'ddd','','ddd',0,'2018-08-24 15:41:33','1','2018-08-24 15:41:33',''),(330,'ddd','','ddd',0,'2018-08-24 15:41:33','1','2018-08-24 15:41:33',''),(331,'ddd','','ddd',0,'2018-08-24 15:41:33','1','2018-08-24 15:41:33',''),(332,'ddd','','ddd',0,'2018-08-24 15:41:33','1','2018-08-24 15:41:33',''),(333,'ddd','','ddd',0,'2018-08-24 15:41:33','1','2018-08-24 15:41:33',''),(334,'ddd','','ddd',0,'2018-08-24 15:41:33','1','2018-08-24 15:41:33',''),(335,'ddd','','ddd',0,'2018-08-24 15:41:33','1','2018-08-24 15:41:33',''),(336,'ddd','','ddd',0,'2018-08-24 15:41:33','1','2018-08-24 15:41:33',''),(337,'ddd','','ddd',0,'2018-08-24 15:41:33','1','2018-08-24 15:41:33',''),(338,'ddd','','ddd',0,'2018-08-24 15:41:33','1','2018-08-24 15:41:33',''),(339,'ddd','','ddd',0,'2018-08-24 15:41:33','1','2018-08-24 15:41:33',''),(340,'ddd','','ddd',0,'2018-08-24 15:41:33','1','2018-08-24 15:41:33',''),(341,'ddd','','ddd',0,'2018-08-24 15:41:33','1','2018-08-24 15:41:33',''),(342,'ddd','','ddd',0,'2018-08-24 15:41:33','1','2018-08-24 15:41:33',''),(343,'ddd','','ddd',0,'2018-08-24 15:41:33','1','2018-08-24 15:41:33',''),(344,'ddd','','ddd',0,'2018-08-24 15:41:33','1','2018-08-24 15:41:33',''),(345,'ddd','','ddd',0,'2018-08-24 15:41:33','1','2018-08-24 15:41:33',''),(346,'ddd','','ddd',0,'2018-08-24 15:41:33','1','2018-08-24 15:41:33',''),(347,'ddd','','ddd',0,'2018-08-24 15:41:33','1','2018-08-24 15:41:33',''),(348,'ddd','','ddd',0,'2018-08-24 15:41:33','1','2018-08-24 15:41:33',''),(349,'ddd','','ddd',0,'2018-08-24 15:41:33','1','2018-08-24 15:41:33',''),(350,'ddd','','ddd',0,'2018-08-24 15:41:33','1','2018-08-24 15:41:33',''),(351,'ddd','','ddd',0,'2018-08-24 15:41:33','1','2018-08-24 15:41:33',''),(352,'ddd','','ddd',0,'2018-08-24 15:41:33','1','2018-08-24 15:41:33',''),(353,'ddd','','ddd',0,'2018-08-24 15:41:33','1','2018-08-24 15:41:33',''),(354,'ddd','','ddd',0,'2018-08-24 15:41:33','1','2018-08-24 15:41:33',''),(355,'ddd','','ddd',0,'2018-08-24 15:41:33','1','2018-08-24 15:41:33',''),(356,'ddd','','ddd',0,'2018-08-24 15:41:33','1','2018-08-24 15:41:33',''),(357,'ddd','','ddd',0,'2018-08-24 15:41:33','1','2018-08-24 15:41:33',''),(358,'ddd','','ddd',0,'2018-08-24 15:41:33','1','2018-08-24 15:41:33',''),(359,'ddd','','ddd',0,'2018-08-24 15:41:33','1','2018-08-24 15:41:33',''),(360,'ddd','','ddd',0,'2018-08-24 15:41:33','1','2018-08-24 15:41:33',''),(361,'ddd','','ddd',0,'2018-08-24 15:41:33','1','2018-08-24 15:41:33',''),(362,'ddd','','ddd',0,'2018-08-24 15:41:33','1','2018-08-24 15:41:33',''),(363,'ddd','','ddd',0,'2018-08-24 15:41:33','1','2018-08-24 15:41:33',''),(364,'ddd','','ddd',0,'2018-08-24 15:41:33','1','2018-08-24 15:41:33',''),(365,'ddd','','ddd',0,'2018-08-24 15:41:33','1','2018-08-24 15:41:33',''),(366,'ddd','','ddd',0,'2018-08-24 15:41:33','1','2018-08-24 15:41:33',''),(367,'ddd','','ddd',0,'2018-08-24 15:41:33','1','2018-08-24 15:41:33',''),(368,'ddd','','ddd',0,'2018-08-24 15:41:33','1','2018-08-24 15:41:33',''),(369,'ddd','','ddd',0,'2018-08-24 15:41:33','1','2018-08-24 15:41:33',''),(370,'ddd','','ddd',0,'2018-08-24 15:41:33','1','2018-08-24 15:41:33',''),(371,'ddd','','ddd',0,'2018-08-24 15:41:33','1','2018-08-24 15:41:33',''),(372,'ddd','','ddd',0,'2018-08-24 15:41:33','1','2018-08-24 15:41:33',''),(373,'ddd','','ddd',0,'2018-08-24 15:41:33','1','2018-08-24 15:41:33',''),(374,'ddd','','ddd',0,'2018-08-24 15:41:33','1','2018-08-24 15:41:33',''),(375,'ddd','','ddd',0,'2018-08-24 15:41:33','1','2018-08-24 15:41:33',''),(376,'ddd','','ddd',0,'2018-08-24 15:41:33','1','2018-08-24 15:41:33',''),(377,'ddd','','ddd',0,'2018-08-24 15:41:33','1','2018-08-24 15:41:33',''),(378,'ddd','','ddd',0,'2018-08-24 15:41:33','1','2018-08-24 15:41:33',''),(506,'ddd','','ddd',0,'2018-08-24 15:41:33','1','2018-08-24 15:41:33',''),(507,'ddd','','ddd',0,'2018-08-24 15:41:33','1','2018-08-24 15:41:33',''),(508,'ddd','','ddd',0,'2018-08-24 15:41:33','1','2018-08-24 15:41:33',''),(509,'ddd','','ddd',0,'2018-08-24 15:41:33','1','2018-08-24 15:41:33',''),(510,'ddd','','ddd',0,'2018-08-24 15:41:33','1','2018-08-24 15:41:33',''),(511,'ddd','','ddd',0,'2018-08-24 15:41:33','1','2018-08-24 15:41:33',''),(512,'ddd','','ddd',0,'2018-08-24 15:41:33','1','2018-08-24 15:41:33',''),(513,'ddd','','ddd',0,'2018-08-24 15:41:33','1','2018-08-24 15:41:33',''),(514,'ddd','','ddd',0,'2018-08-24 15:41:33','1','2018-08-24 15:41:33',''),(515,'ddd','','ddd',0,'2018-08-24 15:41:33','1','2018-08-24 15:41:33',''),(516,'ddd','','ddd',0,'2018-08-24 15:41:33','1','2018-08-24 15:41:33',''),(517,'ddd','','ddd',0,'2018-08-24 15:41:33','1','2018-08-24 15:41:33',''),(518,'ddd','','ddd',0,'2018-08-24 15:41:33','1','2018-08-24 15:41:33',''),(519,'ddd','','ddd',0,'2018-08-24 15:41:33','1','2018-08-24 15:41:33',''),(520,'ddd','','ddd',0,'2018-08-24 15:41:33','1','2018-08-24 15:41:33',''),(521,'ddd','','ddd',0,'2018-08-24 15:41:33','1','2018-08-24 15:41:33',''),(522,'ddd','','ddd',0,'2018-08-24 15:41:33','1','2018-08-24 15:41:33',''),(523,'ddd','','ddd',0,'2018-08-24 15:41:33','1','2018-08-24 15:41:33',''),(524,'ddd','','ddd',0,'2018-08-24 15:41:33','1','2018-08-24 15:41:33',''),(525,'ddd','','ddd',0,'2018-08-24 15:41:33','1','2018-08-24 15:41:33',''),(526,'ddd','','ddd',0,'2018-08-24 15:41:33','1','2018-08-24 15:41:33',''),(527,'ddd','','ddd',0,'2018-08-24 15:41:33','1','2018-08-24 15:41:33',''),(528,'ddd','','ddd',0,'2018-08-24 15:41:33','1','2018-08-24 15:41:33',''),(529,'ddd','','ddd',0,'2018-08-24 15:41:33','1','2018-08-24 15:41:33',''),(530,'ddd','','ddd',0,'2018-08-24 15:41:33','1','2018-08-24 15:41:33',''),(531,'ddd','','ddd',0,'2018-08-24 15:41:33','1','2018-08-24 15:41:33',''),(532,'ddd','','ddd',0,'2018-08-24 15:41:33','1','2018-08-24 15:41:33',''),(533,'ddd','','ddd',0,'2018-08-24 15:41:33','1','2018-08-24 15:41:33',''),(534,'ddd','','ddd',0,'2018-08-24 15:41:33','1','2018-08-24 15:41:33',''),(535,'ddd','','ddd',0,'2018-08-24 15:41:33','1','2018-08-24 15:41:33',''),(536,'ddd','','ddd',0,'2018-08-24 15:41:33','1','2018-08-24 15:41:33',''),(537,'ddd','','ddd',0,'2018-08-24 15:41:33','1','2018-08-24 15:41:33',''),(538,'ddd','','ddd',0,'2018-08-24 15:41:33','1','2018-08-24 15:41:33',''),(539,'ddd','','ddd',0,'2018-08-24 15:41:33','1','2018-08-24 15:41:33',''),(540,'ddd','','ddd',0,'2018-08-24 15:41:33','1','2018-08-24 15:41:33',''),(541,'ddd','','ddd',0,'2018-08-24 15:41:33','1','2018-08-24 15:41:33',''),(542,'ddd','','ddd',0,'2018-08-24 15:41:33','1','2018-08-24 15:41:33',''),(543,'ddd','','ddd',0,'2018-08-24 15:41:33','1','2018-08-24 15:41:33',''),(544,'ddd','','ddd',0,'2018-08-24 15:41:33','1','2018-08-24 15:41:33',''),(545,'ddd','','ddd',0,'2018-08-24 15:41:33','1','2018-08-24 15:41:33',''),(546,'ddd','','ddd',0,'2018-08-24 15:41:33','1','2018-08-24 15:41:33',''),(547,'ddd','','ddd',0,'2018-08-24 15:41:33','1','2018-08-24 15:41:33',''),(548,'ddd','','ddd',0,'2018-08-24 15:41:33','1','2018-08-24 15:41:33',''),(549,'ddd','','ddd',0,'2018-08-24 15:41:33','1','2018-08-24 15:41:33',''),(550,'ddd','','ddd',0,'2018-08-24 15:41:33','1','2018-08-24 15:41:33',''),(551,'ddd','','ddd',0,'2018-08-24 15:41:33','1','2018-08-24 15:41:33',''),(552,'ddd','','ddd',0,'2018-08-24 15:41:33','1','2018-08-24 15:41:33',''),(553,'ddd','','ddd',0,'2018-08-24 15:41:33','1','2018-08-24 15:41:33',''),(554,'ddd','','ddd',0,'2018-08-24 15:41:33','1','2018-08-24 15:41:33',''),(555,'ddd','','ddd',0,'2018-08-24 15:41:33','1','2018-08-24 15:41:33',''),(556,'ddd','','ddd',0,'2018-08-24 15:41:33','1','2018-08-24 15:41:33',''),(557,'ddd','','ddd',0,'2018-08-24 15:41:33','1','2018-08-24 15:41:33',''),(558,'ddd','','ddd',0,'2018-08-24 15:41:33','1','2018-08-24 15:41:33',''),(559,'ddd','','ddd',0,'2018-08-24 15:41:33','1','2018-08-24 15:41:33',''),(560,'ddd','','ddd',0,'2018-08-24 15:41:33','1','2018-08-24 15:41:33',''),(561,'ddd','','ddd',0,'2018-08-24 15:41:33','1','2018-08-24 15:41:33',''),(562,'ddd','','ddd',0,'2018-08-24 15:41:33','1','2018-08-24 15:41:33',''),(563,'ddd','','ddd',0,'2018-08-24 15:41:33','1','2018-08-24 15:41:33',''),(564,'ddd','','ddd',0,'2018-08-24 15:41:33','1','2018-08-24 15:41:33',''),(565,'ddd','','ddd',0,'2018-08-24 15:41:33','1','2018-08-24 15:41:33',''),(566,'ddd','','ddd',0,'2018-08-24 15:41:33','1','2018-08-24 15:41:33',''),(567,'ddd','','ddd',0,'2018-08-24 15:41:33','1','2018-08-24 15:41:33',''),(568,'ddd','','ddd',0,'2018-08-24 15:41:33','1','2018-08-24 15:41:33',''),(569,'ddd','','ddd',0,'2018-08-24 15:41:33','1','2018-08-24 15:41:33',''),(570,'ddd','','ddd',0,'2018-08-24 15:41:33','1','2018-08-24 15:41:33',''),(571,'ddd','','ddd',0,'2018-08-24 15:41:33','1','2018-08-24 15:41:33',''),(572,'ddd','','ddd',0,'2018-08-24 15:41:33','1','2018-08-24 15:41:33',''),(573,'ddd','','ddd',0,'2018-08-24 15:41:33','1','2018-08-24 15:41:33',''),(574,'ddd','','ddd',0,'2018-08-24 15:41:33','1','2018-08-24 15:41:33',''),(575,'ddd','','ddd',0,'2018-08-24 15:41:33','1','2018-08-24 15:41:33',''),(576,'ddd','','ddd',0,'2018-08-24 15:41:33','1','2018-08-24 15:41:33',''),(577,'ddd','','ddd',0,'2018-08-24 15:41:33','1','2018-08-24 15:41:33',''),(578,'ddd','','ddd',0,'2018-08-24 15:41:33','1','2018-08-24 15:41:33',''),(579,'ddd','','ddd',0,'2018-08-24 15:41:33','1','2018-08-24 15:41:33',''),(580,'ddd','','ddd',0,'2018-08-24 15:41:33','1','2018-08-24 15:41:33',''),(581,'ddd','','ddd',0,'2018-08-24 15:41:33','1','2018-08-24 15:41:33',''),(582,'ddd','','ddd',0,'2018-08-24 15:41:33','1','2018-08-24 15:41:33',''),(583,'ddd','','ddd',0,'2018-08-24 15:41:33','1','2018-08-24 15:41:33',''),(584,'ddd','','ddd',0,'2018-08-24 15:41:33','1','2018-08-24 15:41:33',''),(585,'ddd','','ddd',0,'2018-08-24 15:41:33','1','2018-08-24 15:41:33',''),(586,'ddd','','ddd',0,'2018-08-24 15:41:33','1','2018-08-24 15:41:33',''),(587,'ddd','','ddd',0,'2018-08-24 15:41:33','1','2018-08-24 15:41:33',''),(588,'ddd','','ddd',0,'2018-08-24 15:41:33','1','2018-08-24 15:41:33',''),(589,'ddd','','ddd',0,'2018-08-24 15:41:33','1','2018-08-24 15:41:33',''),(590,'ddd','','ddd',0,'2018-08-24 15:41:33','1','2018-08-24 15:41:33',''),(591,'ddd','','ddd',0,'2018-08-24 15:41:33','1','2018-08-24 15:41:33',''),(592,'ddd','','ddd',0,'2018-08-24 15:41:33','1','2018-08-24 15:41:33',''),(593,'ddd','','ddd',0,'2018-08-24 15:41:33','1','2018-08-24 15:41:33',''),(594,'ddd','','ddd',0,'2018-08-24 15:41:33','1','2018-08-24 15:41:33',''),(595,'ddd','','ddd',0,'2018-08-24 15:41:33','1','2018-08-24 15:41:33',''),(596,'ddd','','ddd',0,'2018-08-24 15:41:33','1','2018-08-24 15:41:33',''),(597,'ddd','','ddd',0,'2018-08-24 15:41:33','1','2018-08-24 15:41:33',''),(598,'ddd','','ddd',0,'2018-08-24 15:41:33','1','2018-08-24 15:41:33',''),(599,'ddd','','ddd',0,'2018-08-24 15:41:33','1','2018-08-24 15:41:33',''),(600,'ddd','','ddd',0,'2018-08-24 15:41:33','1','2018-08-24 15:41:33',''),(601,'ddd','','ddd',0,'2018-08-24 15:41:33','1','2018-08-24 15:41:33',''),(602,'ddd','','ddd',0,'2018-08-24 15:41:33','1','2018-08-24 15:41:33',''),(603,'ddd','','ddd',0,'2018-08-24 15:41:33','1','2018-08-24 15:41:33',''),(604,'ddd','','ddd',0,'2018-08-24 15:41:33','1','2018-08-24 15:41:33',''),(605,'ddd','','ddd',0,'2018-08-24 15:41:33','1','2018-08-24 15:41:33',''),(606,'ddd','','ddd',0,'2018-08-24 15:41:33','1','2018-08-24 15:41:33',''),(607,'ddd','','ddd',0,'2018-08-24 15:41:33','1','2018-08-24 15:41:33',''),(608,'ddd','','ddd',0,'2018-08-24 15:41:33','1','2018-08-24 15:41:33',''),(609,'ddd','','ddd',0,'2018-08-24 15:41:33','1','2018-08-24 15:41:33',''),(610,'ddd','','ddd',0,'2018-08-24 15:41:33','1','2018-08-24 15:41:33',''),(611,'ddd','','ddd',0,'2018-08-24 15:41:33','1','2018-08-24 15:41:33',''),(612,'ddd','','ddd',0,'2018-08-24 15:41:33','1','2018-08-24 15:41:33',''),(613,'ddd','','ddd',0,'2018-08-24 15:41:33','1','2018-08-24 15:41:33',''),(614,'ddd','','ddd',0,'2018-08-24 15:41:33','1','2018-08-24 15:41:33',''),(615,'ddd','','ddd',0,'2018-08-24 15:41:33','1','2018-08-24 15:41:33',''),(616,'ddd','','ddd',0,'2018-08-24 15:41:33','1','2018-08-24 15:41:33',''),(617,'ddd','','ddd',0,'2018-08-24 15:41:33','1','2018-08-24 15:41:33',''),(618,'ddd','','ddd',0,'2018-08-24 15:41:33','1','2018-08-24 15:41:33',''),(619,'ddd','','ddd',0,'2018-08-24 15:41:33','1','2018-08-24 15:41:33',''),(620,'ddd','','ddd',0,'2018-08-24 15:41:33','1','2018-08-24 15:41:33',''),(621,'ddd','','ddd',0,'2018-08-24 15:41:33','1','2018-08-24 15:41:33',''),(622,'ddd','','ddd',0,'2018-08-24 15:41:33','1','2018-08-24 15:41:33',''),(623,'ddd','','ddd',0,'2018-08-24 15:41:33','1','2018-08-24 15:41:33',''),(624,'ddd','','ddd',0,'2018-08-24 15:41:33','1','2018-08-24 15:41:33',''),(625,'ddd','','ddd',0,'2018-08-24 15:41:33','1','2018-08-24 15:41:33',''),(626,'ddd','','ddd',0,'2018-08-24 15:41:33','1','2018-08-24 15:41:33',''),(627,'ddd','','ddd',0,'2018-08-24 15:41:33','1','2018-08-24 15:41:33',''),(628,'ddd','','ddd',0,'2018-08-24 15:41:33','1','2018-08-24 15:41:33',''),(629,'ddd','','ddd',0,'2018-08-24 15:41:33','1','2018-08-24 15:41:33',''),(630,'ddd','','ddd',0,'2018-08-24 15:41:33','1','2018-08-24 15:41:33',''),(631,'ddd','','ddd',0,'2018-08-24 15:41:33','1','2018-08-24 15:41:33',''),(632,'ddd','','ddd',0,'2018-08-24 15:41:33','1','2018-08-24 15:41:33',''),(633,'ddd','','ddd',0,'2018-08-24 15:41:33','1','2018-08-24 15:41:33',''),(634,'ddd','','ddd',0,'2018-08-24 15:41:33','1','2018-08-24 15:41:33',''),(635,'ddd','','ddd',0,'2018-08-24 15:41:33','1','2018-08-24 15:41:33',''),(636,'ddd','','ddd',0,'2018-08-24 15:41:33','1','2018-08-24 15:41:33',''),(637,'ddd','','ddd',0,'2018-08-24 15:41:33','1','2018-08-24 15:41:33',''),(638,'ddd','','ddd',0,'2018-08-24 15:41:33','1','2018-08-24 15:41:33',''),(639,'ddd','','ddd',0,'2018-08-24 15:41:33','1','2018-08-24 15:41:33',''),(640,'ddd','','ddd',0,'2018-08-24 15:41:33','1','2018-08-24 15:41:33',''),(641,'ddd','','ddd',0,'2018-08-24 15:41:33','1','2018-08-24 15:41:33',''),(642,'ddd','','ddd',0,'2018-08-24 15:41:33','1','2018-08-24 15:41:33',''),(643,'ddd','','ddd',0,'2018-08-24 15:41:33','1','2018-08-24 15:41:33',''),(644,'ddd','','ddd',0,'2018-08-24 15:41:33','1','2018-08-24 15:41:33',''),(645,'ddd','','ddd',0,'2018-08-24 15:41:33','1','2018-08-24 15:41:33',''),(646,'ddd','','ddd',0,'2018-08-24 15:41:33','1','2018-08-24 15:41:33',''),(647,'ddd','','ddd',0,'2018-08-24 15:41:33','1','2018-08-24 15:41:33',''),(648,'ddd','','ddd',0,'2018-08-24 15:41:33','1','2018-08-24 15:41:33',''),(649,'ddd','','ddd',0,'2018-08-24 15:41:33','1','2018-08-24 15:41:33',''),(650,'ddd','','ddd',0,'2018-08-24 15:41:33','1','2018-08-24 15:41:33',''),(651,'ddd','','ddd',0,'2018-08-24 15:41:33','1','2018-08-24 15:41:33',''),(652,'ddd','','ddd',0,'2018-08-24 15:41:33','1','2018-08-24 15:41:33',''),(653,'ddd','','ddd',0,'2018-08-24 15:41:33','1','2018-08-24 15:41:33',''),(654,'ddd','','ddd',0,'2018-08-24 15:41:33','1','2018-08-24 15:41:33',''),(655,'ddd','','ddd',0,'2018-08-24 15:41:33','1','2018-08-24 15:41:33',''),(656,'ddd','','ddd',0,'2018-08-24 15:41:33','1','2018-08-24 15:41:33',''),(657,'ddd','','ddd',0,'2018-08-24 15:41:33','1','2018-08-24 15:41:33',''),(658,'ddd','','ddd',0,'2018-08-24 15:41:33','1','2018-08-24 15:41:33',''),(659,'ddd','','ddd',0,'2018-08-24 15:41:33','1','2018-08-24 15:41:33',''),(660,'ddd','','ddd',0,'2018-08-24 15:41:33','1','2018-08-24 15:41:33',''),(661,'ddd','','ddd',0,'2018-08-24 15:41:33','1','2018-08-24 15:41:33',''),(662,'ddd','','ddd',0,'2018-08-24 15:41:33','1','2018-08-24 15:41:33',''),(663,'ddd','','ddd',0,'2018-08-24 15:41:33','1','2018-08-24 15:41:33',''),(664,'ddd','','ddd',0,'2018-08-24 15:41:33','1','2018-08-24 15:41:33',''),(665,'ddd','','ddd',0,'2018-08-24 15:41:33','1','2018-08-24 15:41:33',''),(666,'ddd','','ddd',0,'2018-08-24 15:41:33','1','2018-08-24 15:41:33',''),(667,'ddd','','ddd',0,'2018-08-24 15:41:33','1','2018-08-24 15:41:33',''),(668,'ddd','','ddd',0,'2018-08-24 15:41:33','1','2018-08-24 15:41:33',''),(669,'ddd','','ddd',0,'2018-08-24 15:41:33','1','2018-08-24 15:41:33',''),(670,'ddd','','ddd',0,'2018-08-24 15:41:33','1','2018-08-24 15:41:33',''),(671,'ddd','','ddd',0,'2018-08-24 15:41:33','1','2018-08-24 15:41:33',''),(672,'ddd','','ddd',0,'2018-08-24 15:41:33','1','2018-08-24 15:41:33',''),(673,'ddd','','ddd',0,'2018-08-24 15:41:33','1','2018-08-24 15:41:33',''),(674,'ddd','','ddd',0,'2018-08-24 15:41:33','1','2018-08-24 15:41:33',''),(675,'ddd','','ddd',0,'2018-08-24 15:41:33','1','2018-08-24 15:41:33',''),(676,'ddd','','ddd',0,'2018-08-24 15:41:33','1','2018-08-24 15:41:33',''),(677,'ddd','','ddd',0,'2018-08-24 15:41:33','1','2018-08-24 15:41:33',''),(678,'ddd','','ddd',0,'2018-08-24 15:41:33','1','2018-08-24 15:41:33',''),(679,'ddd','','ddd',0,'2018-08-24 15:41:33','1','2018-08-24 15:41:33',''),(680,'ddd','','ddd',0,'2018-08-24 15:41:33','1','2018-08-24 15:41:33',''),(681,'ddd','','ddd',0,'2018-08-24 15:41:33','1','2018-08-24 15:41:33',''),(682,'ddd','','ddd',0,'2018-08-24 15:41:33','1','2018-08-24 15:41:33',''),(683,'ddd','','ddd',0,'2018-08-24 15:41:33','1','2018-08-24 15:41:33',''),(684,'ddd','','ddd',0,'2018-08-24 15:41:33','1','2018-08-24 15:41:33',''),(685,'ddd','','ddd',0,'2018-08-24 15:41:33','1','2018-08-24 15:41:33',''),(686,'ddd','','ddd',0,'2018-08-24 15:41:33','1','2018-08-24 15:41:33',''),(687,'ddd','','ddd',0,'2018-08-24 15:41:33','1','2018-08-24 15:41:33',''),(688,'ddd','','ddd',0,'2018-08-24 15:41:33','1','2018-08-24 15:41:33',''),(689,'ddd','','ddd',0,'2018-08-24 15:41:33','1','2018-08-24 15:41:33',''),(690,'ddd','','ddd',0,'2018-08-24 15:41:33','1','2018-08-24 15:41:33',''),(691,'ddd','','ddd',0,'2018-08-24 15:41:33','1','2018-08-24 15:41:33',''),(692,'ddd','','ddd',0,'2018-08-24 15:41:33','1','2018-08-24 15:41:33',''),(693,'ddd','','ddd',0,'2018-08-24 15:41:33','1','2018-08-24 15:41:33',''),(694,'ddd','','ddd',0,'2018-08-24 15:41:33','1','2018-08-24 15:41:33',''),(695,'ddd','','ddd',0,'2018-08-24 15:41:33','1','2018-08-24 15:41:33',''),(696,'ddd','','ddd',0,'2018-08-24 15:41:33','1','2018-08-24 15:41:33',''),(697,'ddd','','ddd',0,'2018-08-24 15:41:33','1','2018-08-24 15:41:33',''),(698,'ddd','','ddd',0,'2018-08-24 15:41:33','1','2018-08-24 15:41:33',''),(699,'ddd','','ddd',0,'2018-08-24 15:41:33','1','2018-08-24 15:41:33',''),(700,'ddd','','ddd',0,'2018-08-24 15:41:33','1','2018-08-24 15:41:33',''),(701,'ddd','','ddd',0,'2018-08-24 15:41:33','1','2018-08-24 15:41:33',''),(702,'ddd','','ddd',0,'2018-08-24 15:41:33','1','2018-08-24 15:41:33',''),(703,'ddd','','ddd',0,'2018-08-24 15:41:33','1','2018-08-24 15:41:33',''),(704,'ddd','','ddd',0,'2018-08-24 15:41:33','1','2018-08-24 15:41:33',''),(705,'ddd','','ddd',0,'2018-08-24 15:41:33','1','2018-08-24 15:41:33',''),(706,'ddd','','ddd',0,'2018-08-24 15:41:33','1','2018-08-24 15:41:33',''),(707,'ddd','','ddd',0,'2018-08-24 15:41:33','1','2018-08-24 15:41:33',''),(708,'ddd','','ddd',0,'2018-08-24 15:41:33','1','2018-08-24 15:41:33',''),(709,'ddd','','ddd',0,'2018-08-24 15:41:33','1','2018-08-24 15:41:33',''),(710,'ddd','','ddd',0,'2018-08-24 15:41:33','1','2018-08-24 15:41:33',''),(711,'ddd','','ddd',0,'2018-08-24 15:41:33','1','2018-08-24 15:41:33',''),(712,'ddd','','ddd',0,'2018-08-24 15:41:33','1','2018-08-24 15:41:33',''),(713,'ddd','','ddd',0,'2018-08-24 15:41:33','1','2018-08-24 15:41:33',''),(714,'ddd','','ddd',0,'2018-08-24 15:41:33','1','2018-08-24 15:41:33',''),(715,'ddd','','ddd',0,'2018-08-24 15:41:33','1','2018-08-24 15:41:33',''),(716,'ddd','','ddd',0,'2018-08-24 15:41:33','1','2018-08-24 15:41:33',''),(717,'ddd','','ddd',0,'2018-08-24 15:41:33','1','2018-08-24 15:41:33',''),(718,'ddd','','ddd',0,'2018-08-24 15:41:33','1','2018-08-24 15:41:33',''),(719,'ddd','','ddd',0,'2018-08-24 15:41:33','1','2018-08-24 15:41:33',''),(720,'ddd','','ddd',0,'2018-08-24 15:41:33','1','2018-08-24 15:41:33',''),(721,'ddd','','ddd',0,'2018-08-24 15:41:33','1','2018-08-24 15:41:33',''),(722,'ddd','','ddd',0,'2018-08-24 15:41:33','1','2018-08-24 15:41:33',''),(723,'ddd','','ddd',0,'2018-08-24 15:41:33','1','2018-08-24 15:41:33',''),(724,'ddd','','ddd',0,'2018-08-24 15:41:33','1','2018-08-24 15:41:33',''),(725,'ddd','','ddd',0,'2018-08-24 15:41:33','1','2018-08-24 15:41:33',''),(726,'ddd','','ddd',0,'2018-08-24 15:41:33','1','2018-08-24 15:41:33',''),(727,'ddd','','ddd',0,'2018-08-24 15:41:33','1','2018-08-24 15:41:33',''),(728,'ddd','','ddd',0,'2018-08-24 15:41:33','1','2018-08-24 15:41:33',''),(729,'ddd','','ddd',0,'2018-08-24 15:41:33','1','2018-08-24 15:41:33',''),(730,'ddd','','ddd',0,'2018-08-24 15:41:33','1','2018-08-24 15:41:33',''),(731,'ddd','','ddd',0,'2018-08-24 15:41:33','1','2018-08-24 15:41:33',''),(732,'ddd','','ddd',0,'2018-08-24 15:41:33','1','2018-08-24 15:41:33',''),(733,'ddd','','ddd',0,'2018-08-24 15:41:33','1','2018-08-24 15:41:33',''),(734,'ddd','','ddd',0,'2018-08-24 15:41:33','1','2018-08-24 15:41:33',''),(735,'ddd','','ddd',0,'2018-08-24 15:41:33','1','2018-08-24 15:41:33',''),(736,'ddd','','ddd',0,'2018-08-24 15:41:33','1','2018-08-24 15:41:33',''),(737,'ddd','','ddd',0,'2018-08-24 15:41:33','1','2018-08-24 15:41:33',''),(738,'ddd','','ddd',0,'2018-08-24 15:41:33','1','2018-08-24 15:41:33',''),(739,'ddd','','ddd',0,'2018-08-24 15:41:33','1','2018-08-24 15:41:33',''),(740,'ddd','','ddd',0,'2018-08-24 15:41:33','1','2018-08-24 15:41:33',''),(741,'ddd','','ddd',0,'2018-08-24 15:41:33','1','2018-08-24 15:41:33',''),(742,'ddd','','ddd',0,'2018-08-24 15:41:33','1','2018-08-24 15:41:33',''),(743,'ddd','','ddd',0,'2018-08-24 15:41:33','1','2018-08-24 15:41:33',''),(744,'ddd','','ddd',0,'2018-08-24 15:41:33','1','2018-08-24 15:41:33',''),(745,'ddd','','ddd',0,'2018-08-24 15:41:33','1','2018-08-24 15:41:33',''),(746,'ddd','','ddd',0,'2018-08-24 15:41:33','1','2018-08-24 15:41:33',''),(747,'ddd','','ddd',0,'2018-08-24 15:41:33','1','2018-08-24 15:41:33',''),(748,'ddd','','ddd',0,'2018-08-24 15:41:33','1','2018-08-24 15:41:33',''),(749,'ddd','','ddd',0,'2018-08-24 15:41:33','1','2018-08-24 15:41:33',''),(750,'ddd','','ddd',0,'2018-08-24 15:41:33','1','2018-08-24 15:41:33',''),(751,'ddd','','ddd',0,'2018-08-24 15:41:33','1','2018-08-24 15:41:33',''),(752,'ddd','','ddd',0,'2018-08-24 15:41:33','1','2018-08-24 15:41:33',''),(753,'ddd','','ddd',0,'2018-08-24 15:41:33','1','2018-08-24 15:41:33',''),(754,'ddd','','ddd',0,'2018-08-24 15:41:33','1','2018-08-24 15:41:33',''),(755,'ddd','','ddd',0,'2018-08-24 15:41:33','1','2018-08-24 15:41:33',''),(756,'ddd','','ddd',0,'2018-08-24 15:41:33','1','2018-08-24 15:41:33',''),(757,'ddd','','ddd',0,'2018-08-24 15:41:33','1','2018-08-24 15:41:33',''),(758,'ddd','','ddd',0,'2018-08-24 15:41:33','1','2018-08-24 15:41:33',''),(759,'ddd','','ddd',0,'2018-08-24 15:41:33','1','2018-08-24 15:41:33',''),(760,'ddd','','ddd',0,'2018-08-24 15:41:33','1','2018-08-24 15:41:33',''),(761,'ddd','','ddd',0,'2018-08-24 15:41:33','1','2018-08-24 15:41:33',''),(1017,'ㅅㅈㄷㄴㅇㄻㄴㄹㅇㅁㄴㅇㄹ','','ㅁㄴㅇㄹㄴㅇㄻㄴㅇㄹ\r\nㅁㄴㅇㄹ\r\nㅁㄴㅇ\r\nㄻ\r\nㄴㅇㄹ\r\nㅁㄴㅇㄹ\r\nㅁ\r\n됴\r\nㄴㄷㄱ\r\nㄻㄷㄴ\r\nㄹㄴㅁ\r\nㄱㅎㅁ\r\nㄴㄹ',0,'2018-08-24 16:12:09','1','2018-08-24 16:12:09',''),(1018,'ㅅㅁㄻㄴtest','ㅇㄻㄴㅇㄻ','&lt;p&gt;ㄴㅇㄻㄴㅇㄻㄴㅇㄹ&lt;/p&gt;\r\n',0,'2019-11-28 17:54:11','admin@gmail.com','2019-12-02 12:14:08','admin@gmail.com');



DROP TABLE IF EXISTS `sv10`;

CREATE TABLE `sv10` (
  `SV10_SEQ` int(11) NOT NULL AUTO_INCREMENT COMMENT '서비스관리번호',
  `SV10_TYPE` tinyint(4) NOT NULL COMMENT '서비스타입(1:굿페이퍼,2:벤더)',
  `SV10_NAME` varchar(100) NOT NULL COMMENT '서비스명',
  `SV10_CODE` varchar(6) NOT NULL COMMENT '서비스코드',
  `SV10_DESC` text NOT NULL COMMENT '서비스설명',
  `SV10_USE_YN` char(1) NOT NULL COMMENT '사용여부',
  `SV10_REG_DATE` datetime NOT NULL DEFAULT CURRENT_TIMESTAMP COMMENT '등록일시',
  `SV10_REG_ID` varchar(50) NOT NULL COMMENT '등록자ID',
  `SV10_MOD_DATE` datetime NOT NULL DEFAULT CURRENT_TIMESTAMP COMMENT '수정일시',
  `SV10_MOD_ID` varchar(50) NOT NULL COMMENT '수정자ID',
  PRIMARY KEY (`SV10_SEQ`)
) ENGINE=InnoDB AUTO_INCREMENT=5 DEFAULT CHARSET=utf8 COMMENT='서비스관리'

insert  into ``(`SV10_SEQ`,`SV10_TYPE`,`SV10_NAME`,`SV10_CODE`,`SV10_DESC`,`SV10_USE_YN`,`SV10_REG_DATE`,`SV10_REG_ID`,`SV10_MOD_DATE`,`SV10_MOD_ID`) values 
(1,1,'신용정보조회동의','GP001','개인신용정보조회동의서','Y','2019-11-25 10:34:41','admin@gmail.com','2019-11-25 10:34:41','admin@gmail.com'),
(2,2,'휴대폰 PIN인증','VD001','PIN 인증문자 발송을 통한(번호 점유 인증)','Y','2019-11-25 16:49:24','admin@gmail.com','2019-11-25 16:49:24','admin@gmail.com'),
(3,2,'휴대폰 본인인증','VD002','휴대폰을 통한 본인인증 서비스','Y','2019-11-25 16:55:18','admin@gmail.com','2019-11-25 16:55:18','admin@gmail.com'),
(4,2,'계좌 본인인증','VD003','은행계좌를 통한 본인인증 서비스','Y','2019-11-25 16:56:20','admin@gmail.com','2019-11-25 16:56:20','admin@gmail.com'),
(5,1,'전자약정서','GP002','전자약정서','Y','2020-03-03 17:05:51','admin@gmail.com','2020-03-03 17:05:51','admin@gmail.com');



DROP TABLE IF EXISTS `tr10`;

CREATE TABLE `tr10` (
  `TR10_SEQ` int(11) NOT NULL AUTO_INCREMENT COMMENT '로그번호',
  `US10_SEQ` int(11) NOT NULL COMMENT '고객번호',
  `TR10_LOG` text NOT NULL COMMENT '로그내용',
  `TR10_REG_DATE` datetime NOT NULL DEFAULT CURRENT_TIMESTAMP COMMENT '등록일시',
  PRIMARY KEY (`TR10_SEQ`)
) ENGINE=InnoDB AUTO_INCREMENT=3508 DEFAULT CHARSET=utf8 COMMENT='고객액션로그관리'

insert  into `tr10`(`TR10_SEQ`,`US10_SEQ`,`TR10_LOG`,`TR10_REG_DATE`) values 
(845,25,'20191128180702/CUST_CELL_NO/01032822786','2019-11-28 18:07:02'),
(846,25,'20191128182011/CUST_CELL_NO/01032822786','2019-11-28 18:20:11'),
(847,25,'20191128182014/PIN_NO/855740','2019-11-28 18:20:14'),
(848,25,'20191128182023/STEP_1/Y/휴대폰PIN인증완료','2019-11-28 18:20:23'),
(849,25,'20191128182041/CUST_NAME/정준호','2019-11-28 18:20:41'),
(850,25,'20191128182041/CUST_ID_NO/760510*******','2019-11-28 18:20:41'),
(851,25,'20191128182041/AGREE_1/Y/개인(신용)정보수집이용동의','2019-11-28 18:20:41'),
(852,25,'20191128182041/AGREE_2/Y/고유식별정보수집이용동의','2019-11-28 18:20:41'),
(853,25,'20191128182041/AGREE_3/Y/개인(신용)정보조회동의','2019-11-28 18:20:41'),
(854,25,'20191128182041/AGREE_4/Y/고유식별정보조회동의','2019-11-28 18:20:41'),(855,25,'20191128182041/AGREE_5/Y/개인(신용)정보제공동의','2019-11-28 18:20:41'),(856,25,'20191128182041/AGREE_6/Y/고유식별정보제공동의','2019-11-28 18:20:41'),(857,25,'20191128182041/STEP_2/Y/동의완료[완료]','2019-11-28 18:20:41'),(858,25,'20191128182128/AUTH_FLAG/C/인증방법-휴대폰본인인증','2019-11-28 18:21:28'),(859,25,'20191128182128/DI/MC0GCCqGSIb3DQIJAyEAegCXoyEnghYYLOi0gHlFQfjVaSp6kXXA7zQ9564/j2k=','2019-11-28 18:21:28'),(860,25,'20191128182128/null','2019-11-28 18:21:28'),(861,25,'20191128182128/STEP_3/Y/휴대폰본인인증[완료]','2019-11-28 18:21:28'),(862,25,'20191128182128/STEP_5/Y/제출[완료]','2019-11-28 18:21:28'),(863,26,'20191128185949/CUST_CELL_NO/01048847822','2019-11-28 18:59:49'),(864,27,'20191129091243/CUST_CELL_NO/01066915874','2019-11-29 09:12:43'),(865,27,'20191129091247/PIN_NO/021337','2019-11-29 09:12:47'),(866,27,'20191129091255/STEP_1/Y/휴대폰PIN인증완료','2019-11-29 09:12:55'),(867,27,'20191129091317/CUST_NAME/표동익','2019-11-29 09:13:17'),(868,27,'20191129091317/CUST_ID_NO/771220*******','2019-11-29 09:13:17'),(869,27,'20191129091317/AGREE_1/Y/개인(신용)정보수집이용동의','2019-11-29 09:13:17'),(870,27,'20191129091317/AGREE_2/Y/고유식별정보수집이용동의','2019-11-29 09:13:17'),(871,27,'20191129091317/AGREE_3/Y/개인(신용)정보조회동의','2019-11-29 09:13:17'),(872,27,'20191129091317/AGREE_4/Y/고유식별정보조회동의','2019-11-29 09:13:17'),(873,27,'20191129091317/AGREE_5/Y/개인(신용)정보제공동의','2019-11-29 09:13:17'),(874,27,'20191129091317/AGREE_6/Y/고유식별정보제공동의','2019-11-29 09:13:17'),(875,27,'20191129091317/STEP_2/Y/동의완료[완료]','2019-11-29 09:13:17'),(876,27,'20191129091411/AUTH_FLAG/A/인증방법-계좌인증','2019-11-29 09:14:11'),(877,27,'20191129091411/BANK_NAME/IBK기업은행','2019-11-29 09:14:11'),(878,27,'20191129091411/BANK_NO/001****9202020','2019-11-29 09:14:11'),(879,27,'20191129091411/STEP_3/Y/계좌본인인증[완료]','2019-11-29 09:14:11'),(880,27,'20191129091441/STEP_4/Y/신분증첨부[완료]','2019-11-29 09:14:41'),(881,27,'20191129091441/STEP_5/Y/제출[완료]','2019-11-29 09:14:41'),(882,27,'20191129093314/CUST_CELL_NO/01066915874','2019-11-29 09:33:14'),(883,27,'20191129093329/CUST_CELL_NO/01066915874','2019-11-29 09:33:29'),(884,27,'20191129093341/PIN_NO/737847','2019-11-29 09:33:41'),(885,27,'20191129093349/STEP_1/Y/휴대폰PIN인증완료','2019-11-29 09:33:49'),(886,27,'20191129093508/CUST_NAME/표동익','2019-11-29 09:35:08'),(887,27,'20191129093508/CUST_ID_NO/771220*******','2019-11-29 09:35:08'),(888,27,'20191129093508/AGREE_1/Y/개인(신용)정보수집이용동의','2019-11-29 09:35:08'),(889,27,'20191129093508/AGREE_2/Y/고유식별정보수집이용동의','2019-11-29 09:35:08'),(890,27,'20191129093508/AGREE_3/Y/개인(신용)정보조회동의','2019-11-29 09:35:08'),(891,27,'20191129093508/AGREE_4/Y/고유식별정보조회동의','2019-11-29 09:35:08'),(892,27,'20191129093508/AGREE_5/Y/개인(신용)정보제공동의','2019-11-29 09:35:08'),(893,27,'20191129093508/AGREE_6/Y/고유식별정보제공동의','2019-11-29 09:35:08'),(894,27,'20191129093508/STEP_2/Y/동의완료[완료]','2019-11-29 09:35:08'),(895,27,'20191129093531/AUTH_FLAG/C/인증방법-휴대폰본인인증','2019-11-29 09:35:31'),(896,27,'20191129093531/DI/MC0GCCqGSIb3DQIJAyEAsBNRuQCQawc7jZ4yUwMLgoQbQ3UyAOVh72mC//yQG7w=','2019-11-29 09:35:31'),(897,27,'20191129093531/null','2019-11-29 09:35:31'),(898,27,'20191129093531/STEP_3/Y/휴대폰본인인증[완료]','2019-11-29 09:35:31'),(899,27,'20191129093531/STEP_5/Y/제출[완료]','2019-11-29 09:35:31'),(900,28,'20191129095227/CUST_CELL_NO/01027403371','2019-11-29 09:52:27'),(901,28,'20191129095229/CUST_CELL_NO/01027403371','2019-11-29 09:52:29'),(902,28,'20191129095246/PIN_NO/189535','2019-11-29 09:52:46'),(903,28,'20191129095307/STEP_1/Y/휴대폰PIN인증완료','2019-11-29 09:53:07'),(904,28,'20191129095328/CUST_NAME/조주상','2019-11-29 09:53:28'),(905,28,'20191129095328/CUST_ID_NO/780605*******','2019-11-29 09:53:28'),(906,28,'20191129095328/AGREE_1/Y/개인(신용)정보수집이용동의','2019-11-29 09:53:28'),(907,28,'20191129095328/AGREE_2/Y/고유식별정보수집이용동의','2019-11-29 09:53:28'),(908,28,'20191129095328/AGREE_3/Y/개인(신용)정보조회동의','2019-11-29 09:53:28'),(909,28,'20191129095328/AGREE_4/Y/고유식별정보조회동의','2019-11-29 09:53:28'),(910,28,'20191129095328/AGREE_5/Y/개인(신용)정보제공동의','2019-11-29 09:53:28'),(911,28,'20191129095328/AGREE_6/Y/고유식별정보제공동의','2019-11-29 09:53:28'),(912,28,'20191129095328/STEP_2/Y/동의완료[완료]','2019-11-29 09:53:28'),(913,28,'20191129095352/AUTH_FLAG/C/인증방법-휴대폰본인인증','2019-11-29 09:53:52'),(914,28,'20191129095352/DI/MC0GCCqGSIb3DQIJAyEAA5T6cDswSwmRVs32J6YMKvNDwxBfvCsy4ar2L7IOw2A=','2019-11-29 09:53:52'),(915,28,'20191129095352/null','2019-11-29 09:53:52'),(916,28,'20191129095352/STEP_3/Y/휴대폰본인인증[완료]','2019-11-29 09:53:52'),(917,28,'20191129095352/STEP_5/Y/제출[완료]','2019-11-29 09:53:52'),(918,28,'20191129101423/CUST_CELL_NO/01027403371','2019-11-29 10:14:23'),(919,29,'20191129101434/CUST_CELL_NO/01027403371','2019-11-29 10:14:34'),(920,29,'20191129101438/PIN_NO/517793','2019-11-29 10:14:38'),(921,29,'20191129101452/STEP_1/Y/휴대폰PIN인증완료','2019-11-29 10:14:52'),(922,29,'20191129101514/CUST_NAME/조주상','2019-11-29 10:15:14'),(923,29,'20191129101514/CUST_ID_NO/780605*******','2019-11-29 10:15:14'),(924,29,'20191129101514/AGREE_1/Y/개인(신용)정보수집이용동의','2019-11-29 10:15:14'),(925,29,'20191129101514/AGREE_2/Y/고유식별정보수집이용동의','2019-11-29 10:15:14'),(926,29,'20191129101514/AGREE_3/Y/개인(신용)정보조회동의','2019-11-29 10:15:14'),(927,29,'20191129101514/AGREE_4/Y/고유식별정보조회동의','2019-11-29 10:15:14'),(928,29,'20191129101514/AGREE_5/Y/개인(신용)정보제공동의','2019-11-29 10:15:14'),(929,29,'20191129101514/AGREE_6/Y/고유식별정보제공동의','2019-11-29 10:15:14'),(930,29,'20191129101514/STEP_2/Y/동의완료[완료]','2019-11-29 10:15:14'),(931,29,'20191129101545/AUTH_FLAG/C/인증방법-휴대폰본인인증','2019-11-29 10:15:45'),(932,29,'20191129101545/DI/MC0GCCqGSIb3DQIJAyEAA5T6cDswSwmRVs32J6YMKvNDwxBfvCsy4ar2L7IOw2A=','2019-11-29 10:15:45'),(933,29,'20191129101545/null','2019-11-29 10:15:45'),(934,29,'20191129101545/STEP_3/Y/휴대폰본인인증[완료]','2019-11-29 10:15:45'),(935,29,'20191129101545/STEP_5/Y/제출[완료]','2019-11-29 10:15:45'),(936,30,'20191129140042/CUST_CELL_NO/01066915874','2019-11-29 14:00:42'),(937,30,'20191129140047/PIN_NO/683509','2019-11-29 14:00:47'),(938,30,'20191129140057/STEP_1/Y/휴대폰PIN인증완료','2019-11-29 14:00:57'),(939,30,'20191129140118/CUST_NAME/표동익','2019-11-29 14:01:18'),(940,30,'20191129140118/CUST_ID_NO/771220*******','2019-11-29 14:01:18'),(941,30,'20191129140118/AGREE_1/Y/개인(신용)정보수집이용동의','2019-11-29 14:01:18'),(942,30,'20191129140118/AGREE_2/Y/고유식별정보수집이용동의','2019-11-29 14:01:18'),(943,30,'20191129140118/AGREE_3/Y/개인(신용)정보조회동의','2019-11-29 14:01:18'),(944,30,'20191129140118/AGREE_4/Y/고유식별정보조회동의','2019-11-29 14:01:18'),(945,30,'20191129140118/AGREE_5/Y/개인(신용)정보제공동의','2019-11-29 14:01:18'),(946,30,'20191129140118/AGREE_6/Y/고유식별정보제공동의','2019-11-29 14:01:18'),(947,30,'20191129140118/STEP_2/Y/동의완료[완료]','2019-11-29 14:01:18'),(948,30,'20191129140216/AUTH_FLAG/A/인증방법-계좌인증','2019-11-29 14:02:16'),(949,30,'20191129140216/BANK_NAME/IBK기업은행','2019-11-29 14:02:16'),(950,30,'20191129140216/BANK_NO/001****9202020','2019-11-29 14:02:16'),(951,30,'20191129140216/STEP_3/Y/계좌본인인증[완료]','2019-11-29 14:02:16'),(952,30,'20191129140315/STEP_4/Y/신분증첨부[완료]','2019-11-29 14:03:15'),(953,30,'20191129140315/STEP_5/Y/제출[완료]','2019-11-29 14:03:15'),(954,30,'20191129151755/CUST_CELL_NO/01066915874','2019-11-29 15:17:55'),(955,30,'20191129151800/PIN_NO/090374','2019-11-29 15:18:00'),(956,30,'20191129151808/STEP_1/Y/휴대폰PIN인증완료','2019-11-29 15:18:08'),(957,30,'20191129151832/CUST_NAME/표동익','2019-11-29 15:18:32'),(958,30,'20191129151832/CUST_ID_NO/771220*******','2019-11-29 15:18:32'),(959,30,'20191129151832/AGREE_1/Y/개인(신용)정보수집이용동의','2019-11-29 15:18:32'),(960,30,'20191129151832/AGREE_2/Y/고유식별정보수집이용동의','2019-11-29 15:18:32'),(961,30,'20191129151832/AGREE_3/Y/개인(신용)정보조회동의','2019-11-29 15:18:32'),(962,30,'20191129151832/AGREE_4/Y/고유식별정보조회동의','2019-11-29 15:18:32'),(963,30,'20191129151832/AGREE_5/Y/개인(신용)정보제공동의','2019-11-29 15:18:32'),(964,30,'20191129151832/AGREE_6/Y/고유식별정보제공동의','2019-11-29 15:18:32'),(965,30,'20191129151832/STEP_2/Y/동의완료[완료]','2019-11-29 15:18:32'),(966,30,'20191129152042/AUTH_FLAG/A/인증방법-계좌인증','2019-11-29 15:20:42'),(967,30,'20191129152042/BANK_NAME/IBK기업은행','2019-11-29 15:20:42'),(968,30,'20191129152042/BANK_NO/001****9202020','2019-11-29 15:20:42'),(969,30,'20191129152042/STEP_3/Y/계좌본인인증[완료]','2019-11-29 15:20:42'),(970,30,'20191129152105/STEP_4/Y/신분증첨부[완료]','2019-11-29 15:21:05'),(971,30,'20191129152105/STEP_5/Y/제출[완료]','2019-11-29 15:21:05'),(972,30,'20191129154021/CUST_CELL_NO/01066915874','2019-11-29 15:40:21'),(973,30,'20191129154026/PIN_NO/563467','2019-11-29 15:40:26'),(974,30,'20191129154031/STEP_1/Y/휴대폰PIN인증완료','2019-11-29 15:40:31'),(975,30,'20191129170938/CUST_CELL_NO/01066915874','2019-11-29 17:09:38'),(976,30,'20191129170940/PIN_NO/002621','2019-11-29 17:09:40'),(977,30,'20191129170949/STEP_1/Y/휴대폰PIN인증완료','2019-11-29 17:09:49'),(978,30,'20191129171012/CUST_NAME/표동익','2019-11-29 17:10:12'),(979,30,'20191129171012/CUST_ID_NO/771220*******','2019-11-29 17:10:12'),(980,30,'20191129171012/AGREE_1/Y/개인(신용)정보수집이용동의','2019-11-29 17:10:12'),(981,30,'20191129171012/AGREE_2/Y/고유식별정보수집이용동의','2019-11-29 17:10:12'),(982,30,'20191129171012/AGREE_3/Y/개인(신용)정보조회동의','2019-11-29 17:10:12'),(983,30,'20191129171012/AGREE_4/Y/고유식별정보조회동의','2019-11-29 17:10:12'),(984,30,'20191129171012/AGREE_5/Y/개인(신용)정보제공동의','2019-11-29 17:10:12'),(985,30,'20191129171012/AGREE_6/Y/고유식별정보제공동의','2019-11-29 17:10:12'),(986,30,'20191129171012/STEP_2/Y/동의완료[완료]','2019-11-29 17:10:12'),(987,30,'20191129171122/AUTH_FLAG/A/인증방법-계좌인증','2019-11-29 17:11:22'),(988,30,'20191129171122/BANK_NAME/IBK기업은행','2019-11-29 17:11:22'),(989,30,'20191129171122/BANK_NO/001****9202020','2019-11-29 17:11:22'),(990,30,'20191129171122/STEP_3/Y/계좌본인인증[완료]','2019-11-29 17:11:22'),(991,30,'20191129171251/STEP_4/Y/신분증첨부[완료]','2019-11-29 17:12:51'),(992,30,'20191129171251/STEP_5/Y/제출[완료]','2019-11-29 17:12:51'),(993,25,'20191129173321/CUST_CELL_NO/01032822786','2019-11-29 17:33:21');



DROP TABLE IF EXISTS `tr20`;

CREATE TABLE `tr20` (
  `TR20_SEQ` int(11) NOT NULL AUTO_INCREMENT COMMENT '로그번호',
  `AD10_ID` varchar(50) NOT NULL COMMENT '관리자ID',
  `TR20_IP` varchar(20) NOT NULL COMMENT '접속IP',
  `TR20_PIN_YN` char(1) NOT NULL COMMENT 'PIN인증 사용여부',
  `TR20_SUCCESS_YN` char(1) NOT NULL COMMENT '성공여부',
  `TR20_REG_DATE` datetime NOT NULL DEFAULT CURRENT_TIMESTAMP COMMENT '로그인 일시',
  PRIMARY KEY (`TR20_SEQ`)
) ENGINE=InnoDB AUTO_INCREMENT=150 DEFAULT CHARSET=utf8 COMMENT='관리자 로그인이력 관리'

insert  into `tr20`(`TR20_SEQ`,`AD10_ID`,`TR20_IP`,`TR20_PIN_YN`,`TR20_SUCCESS_YN`,`TR20_REG_DATE`) values (1,'admin@gmail.com','0:0:0:0:0:0:0:1','N','Y','2019-11-28 12:14:43'),(2,'admin@gmail.com','0:0:0:0:0:0:0:1','N','Y','2019-11-28 14:38:15'),(3,'admin@gmail.com','0:0:0:0:0:0:0:1','N','Y','2019-11-28 16:40:55'),(4,'admin@gmail.com','0:0:0:0:0:0:0:1','N','Y','2019-11-28 17:22:40'),(5,'admin@gmail.com','0:0:0:0:0:0:0:1','N','Y','2019-11-28 17:46:37'),(6,'admin@gmail.com','0:0:0:0:0:0:0:1','N','Y','2019-11-28 17:55:04'),(7,'admin@gmail.com','0:0:0:0:0:0:0:1','N','Y','2019-11-28 18:07:01'),(8,'admin@gmail.com','0:0:0:0:0:0:0:1','N','Y','2019-12-02 11:06:38'),(9,'admin@gmail.com','0:0:0:0:0:0:0:1','N','Y','2019-12-02 11:57:50'),(10,'admin@gmail.com','0:0:0:0:0:0:0:1','N','Y','2019-12-02 12:13:49');



DROP TABLE IF EXISTS `tr30`;

CREATE TABLE `tr30` (
  `TR30_SEQ` int(11) NOT NULL AUTO_INCREMENT COMMENT '로그번호',
  `CO10_ID` varchar(50) NOT NULL COMMENT '고객사ID',
  `CO13_ID` varchar(50) NOT NULL COMMENT '운영자ID',
  `TR30_IP` varchar(20) NOT NULL COMMENT '접속IP',
  `TR30_PIN_YN` char(1) NOT NULL COMMENT 'PIN인증 사용여부',
  `TR30_SUCCESS_YN` char(1) NOT NULL COMMENT '성공여부',
  `TR30_REG_DATE` datetime NOT NULL DEFAULT CURRENT_TIMESTAMP COMMENT '로그인 일시',
  PRIMARY KEY (`TR30_SEQ`)
) ENGINE=InnoDB AUTO_INCREMENT=203 DEFAULT CHARSET=utf8 COMMENT='고객사 운영자 로그인이력 관리'

insert  into `tr30`(`TR30_SEQ`,`CO10_ID`,`CO13_ID`,`TR30_IP`,`TR30_PIN_YN`,`TR30_SUCCESS_YN`,`TR30_REG_DATE`) values (1,'VOLVO','manager@volvo.com','0:0:0:0:0:0:0:1','N','Y','2019-11-20 16:15:40'),(2,'VOLVO','manager@volvo.com','0:0:0:0:0:0:0:1','N','Y','2019-11-21 09:42:58'),(3,'VOLVO','manager@volvo.com','0:0:0:0:0:0:0:1','N','Y','2019-11-21 09:45:40'),(4,'VOLVO','manager@volvo.com','0:0:0:0:0:0:0:1','N','Y','2019-11-21 09:46:23'),(5,'VOLVO','manager@volvo.com','0:0:0:0:0:0:0:1','N','Y','2019-11-21 12:10:28'),(6,'VOLVO','manager@volvo.com','0:0:0:0:0:0:0:1','N','Y','2019-11-21 12:12:06'),(7,'VOLVO','manager@volvo.com','0:0:0:0:0:0:0:1','N','Y','2019-11-21 12:21:14'),(8,'VOLVO','manager@volvo.com','0:0:0:0:0:0:0:1','N','Y','2019-11-21 12:23:53'),(9,'VOLVO','manager@volvo.com','0:0:0:0:0:0:0:1','N','Y','2019-11-21 12:25:00'),(10,'VOLVO','manager@volvo.com','0:0:0:0:0:0:0:1','N','Y','2019-11-21 14:10:14'),(11,'VOLVO','manager@volvo.com','0:0:0:0:0:0:0:1','N','Y','2019-11-21 14:14:42'),(12,'VOLVO','manager@volvo.com','0:0:0:0:0:0:0:1','N','Y','2019-11-21 15:58:03'),(13,'VOLVO','manager@volvo.com','0:0:0:0:0:0:0:1','N','Y','2019-11-21 16:10:30'),(14,'VOLVO','manager@volvo.com','0:0:0:0:0:0:0:1','N','Y','2019-11-21 16:37:04'),(15,'VOLVO','manager@volvo.com','0:0:0:0:0:0:0:1','N','Y','2019-11-21 16:37:04'),(16,'VOLVO','manager@volvo.com','0:0:0:0:0:0:0:1','N','Y','2019-11-21 17:42:19'),(17,'VOLVO','manager@volvo.com','0:0:0:0:0:0:0:1','N','Y','2019-11-21 17:56:52'),(18,'VOLVO','manager@volvo.com','0:0:0:0:0:0:0:1','N','Y','2019-11-22 09:04:41'),(19,'VOLVO','manager@volvo.com','0:0:0:0:0:0:0:1','N','Y','2019-11-22 09:21:15'),(20,'VOLVO','manager@volvo.com','0:0:0:0:0:0:0:1','N','Y','2019-11-22 09:23:00'),(21,'VOLVO','manager@volvo.com','0:0:0:0:0:0:0:1','N','Y','2019-11-22 10:20:32'),(22,'VOLVO','manager@volvo.com','0:0:0:0:0:0:0:1','N','Y','2019-11-22 11:27:39'),(23,'VOLVO','manager@volvo.com','0:0:0:0:0:0:0:1','N','Y','2019-11-22 11:49:38'),(24,'VOLVO','manager@volvo.com','0:0:0:0:0:0:0:1','N','Y','2019-11-22 11:55:56'),(25,'VOLVO','manager@volvo.com','0:0:0:0:0:0:0:1','N','Y','2019-11-22 14:30:33'),(26,'VOLVO','manager@volvo.com','0:0:0:0:0:0:0:1','N','Y','2019-11-22 15:10:13'),(27,'VOLVO','manager@volvo.com','0:0:0:0:0:0:0:1','N','Y','2019-11-22 15:27:13'),(28,'VOLVO','manager@volvo.com','0:0:0:0:0:0:0:1','N','Y','2019-11-22 15:28:39'),(29,'VOLVO','manager@volvo.com','0:0:0:0:0:0:0:1','N','Y','2019-11-22 15:28:39'),(30,'VOLVO','manager@volvo.com','0:0:0:0:0:0:0:1','N','Y','2019-11-22 15:28:39'),(31,'VOLVO','manager@volvo.com','0:0:0:0:0:0:0:1','N','Y','2019-11-22 15:30:48'),(32,'VOLVO','manager@volvo.com','0:0:0:0:0:0:0:1','N','Y','2019-11-22 15:32:21'),(33,'VOLVO','manager@volvo.com','0:0:0:0:0:0:0:1','N','Y','2019-11-22 15:38:42'),(34,'VOLVO','manager@volvo.com','0:0:0:0:0:0:0:1','N','Y','2019-11-22 16:09:25'),(35,'VOLVO','manager@volvo.com','0:0:0:0:0:0:0:1','N','Y','2019-11-22 16:18:11'),(36,'VOLVO','manager@volvo.com','0:0:0:0:0:0:0:1','N','Y','2019-11-22 17:13:52'),(37,'VOLVO','manager@volvo.com','0:0:0:0:0:0:0:1','N','Y','2019-11-22 17:14:34'),(38,'VOLVO','manager@volvo.com','0:0:0:0:0:0:0:1','N','Y','2019-11-22 17:43:14'),(39,'VOLVO','manager@volvo.com','0:0:0:0:0:0:0:1','N','Y','2019-11-22 17:46:43'),(40,'VOLVO','manager@volvo.com','0:0:0:0:0:0:0:1','N','Y','2019-11-25 09:28:29'),(41,'VOLVO','manager@volvo.com','0:0:0:0:0:0:0:1','Y','Y','2019-11-25 09:55:38'),(42,'VOLVO','manager@volvo.com','0:0:0:0:0:0:0:1','Y','Y','2019-11-25 10:44:33'),(43,'VOLVO','manager@volvo.com','0:0:0:0:0:0:0:1','N','Y','2019-11-25 10:50:41'),(44,'VOLVO','manager@volvo.com','0:0:0:0:0:0:0:1','N','Y','2019-11-25 10:52:25'),(45,'VOLVO','manager@volvo.com','0:0:0:0:0:0:0:1','N','Y','2019-11-25 11:04:33'),(46,'VOLVO','manager@volvo.com','0:0:0:0:0:0:0:1','N','Y','2019-11-25 11:37:56'),(47,'VOLVO','manager@volvo.com','0:0:0:0:0:0:0:1','N','Y','2019-11-25 11:42:52'),(48,'VOLVO','manager@volvo.com','0:0:0:0:0:0:0:1','N','Y','2019-11-25 11:44:47'),(49,'VOLVO','manager@volvo.com','0:0:0:0:0:0:0:1','N','Y','2019-11-25 11:49:26'),(50,'VOLVO','manager@volvo.com','0:0:0:0:0:0:0:1','N','Y','2019-11-25 11:54:32'),(51,'VOLVO','manager@volvo.com','0:0:0:0:0:0:0:1','N','Y','2019-11-25 11:57:22'),(52,'VOLVO','manager@volvo.com','0:0:0:0:0:0:0:1','N','Y','2019-11-25 12:38:25'),(53,'VOLVO','manager@volvo.com','0:0:0:0:0:0:0:1','N','Y','2019-11-25 13:44:16'),(54,'VOLVO','manager@volvo.com','0:0:0:0:0:0:0:1','N','Y','2019-11-25 13:50:24'),(55,'VOLVO','manager@volvo.com','0:0:0:0:0:0:0:1','N','Y','2019-11-25 15:03:35'),(56,'VOLVO','manager@volvo.com','0:0:0:0:0:0:0:1','N','Y','2019-11-25 16:35:27'),(57,'VOLVO','manager@volvo.com','0:0:0:0:0:0:0:1','N','Y','2019-11-25 17:43:50'),(58,'VOLVO','manager@volvo.com','0:0:0:0:0:0:0:1','N','Y','2019-11-26 14:34:12'),(59,'VOLVO','manager@volvo.com','0:0:0:0:0:0:0:1','N','Y','2019-11-26 16:06:14'),(60,'VOLVO','manager@volvo.com','0:0:0:0:0:0:0:1','N','Y','2019-11-26 16:47:59'),(61,'VOLVO','manager@volvo.com','0:0:0:0:0:0:0:1','N','Y','2019-11-26 17:47:39'),(62,'VOLVO','manager@volvo.com','0:0:0:0:0:0:0:1','N','Y','2019-11-26 17:50:11'),(63,'VOLVO','manager@volvo.com','0:0:0:0:0:0:0:1','N','Y','2019-11-26 17:55:23'),(64,'VOLVO','manager@volvo.com','0:0:0:0:0:0:0:1','N','Y','2019-11-26 18:08:14'),(65,'VOLVO','manager@volvo.com','0:0:0:0:0:0:0:1','N','Y','2019-11-26 18:11:45'),(66,'VOLVO','manager@volvo.com','0:0:0:0:0:0:0:1','N','Y','2019-11-26 18:18:02'),(67,'VOLVO','manager@volvo.com','0:0:0:0:0:0:0:1','N','Y','2019-11-27 09:55:52'),(68,'VOLVO','manager@volvo.com','0:0:0:0:0:0:0:1','N','Y','2019-11-27 11:01:48'),(69,'VOLVO','manager@volvo.com','0:0:0:0:0:0:0:1','N','Y','2019-11-27 11:39:49'),(70,'VOLVO','manager@volvo.com','0:0:0:0:0:0:0:1','N','Y','2019-11-27 11:56:25'),(71,'VOLVO','manager@volvo.com','0:0:0:0:0:0:0:1','N','Y','2019-11-27 14:03:21'),(72,'VOLVO','manager@volvo.com','0:0:0:0:0:0:0:1','N','Y','2019-11-27 14:05:53'),(73,'VOLVO','manager@volvo.com','0:0:0:0:0:0:0:1','N','Y','2019-11-27 14:55:33'),(74,'VOLVO','manager@volvo.com','0:0:0:0:0:0:0:1','N','Y','2019-11-27 17:16:38'),(75,'VOLVO','manager@volvo.com','0:0:0:0:0:0:0:1','N','Y','2019-11-27 18:09:00'),(76,'VOLVO','manager@volvo.com','0:0:0:0:0:0:0:1','N','Y','2019-11-28 11:35:38'),(77,'VOLVO','manager@volvo.com','127.0.0.1','N','Y','2019-11-28 16:58:28'),(78,'VOLVO','manager@volvo.com','0:0:0:0:0:0:0:1','N','Y','2019-11-28 17:54:52'),(79,'VOLVO','manager@volvo.com','0:0:0:0:0:0:0:1','N','Y','2019-12-02 09:47:59'),(80,'VOLVO','manager@volvo.com','0:0:0:0:0:0:0:1','N','Y','2019-12-02 10:23:49'),(81,'VOLVO','manager@volvo.com','0:0:0:0:0:0:0:1','N','Y','2019-12-02 10:32:03');



DROP TABLE IF EXISTS `us10`;

CREATE TABLE `us10` (
  `US10_SEQ` int(11) NOT NULL AUTO_INCREMENT COMMENT '고객번호',
  `CO10_ID` varchar(30) NOT NULL COMMENT '고객사ID',
  `US10_ID` varchar(50) NOT NULL COMMENT '입주사용 고객번호 또는 계약번호',
  `SV10_CODE` varchar(6) NOT NULL COMMENT '서비스코드(약정서비스,개인신용정보조동의서 등)',
  `US10_NAME` varchar(100) DEFAULT NULL COMMENT '고객명',
  `US10_CELL_NO` varchar(20) DEFAULT NULL COMMENT '고객연락처',
  `US10_PIN_NO` varchar(6) DEFAULT NULL COMMENT '휴대폰 PIN 인증번호',
  `US10_AGREE_1` char(1) DEFAULT NULL COMMENT '동의1',
  `US10_AGREE_2` char(1) DEFAULT NULL COMMENT '동의2',
  `US10_AGREE_3` char(1) DEFAULT NULL COMMENT '동의3',
  `US10_AGREE_4` char(1) DEFAULT NULL COMMENT '동의4',
  `US10_AGREE_5` char(1) DEFAULT NULL COMMENT '동의5',
  `US10_AGREE_6` char(1) DEFAULT NULL COMMENT '동의6',
  `US10_AGREE_7` char(1) DEFAULT NULL COMMENT '동의7',
  `US10_AGREE_8` char(1) DEFAULT NULL COMMENT '동의8',
  `US10_FILE_NAME_1` varchar(200) DEFAULT NULL COMMENT '첨부파일명1',
  `US10_FILE_NAME_2` varchar(200) DEFAULT NULL COMMENT '첨부파일명2',
  `US10_FILE_NAME_3` varchar(200) DEFAULT NULL COMMENT '첨부파일명3',
  `US10_FILE_NAME_4` varchar(200) DEFAULT NULL COMMENT '첨부파일명4',
  `US10_FILE_NAME_5` varchar(200) DEFAULT NULL COMMENT '첨부파일명5',
  `US10_ETC_1` varchar(100) DEFAULT NULL COMMENT '기타정보1',
  `US10_ETC_2` varchar(100) DEFAULT NULL COMMENT '기타정보2',
  `US10_AUTH_FLAG` char(1) DEFAULT NULL COMMENT '본인인증방법(C:휴대폰,A:계좌)',
  `US10_CI` varchar(88) DEFAULT NULL COMMENT 'CI값',
  `US10_DI` varchar(64) DEFAULT NULL COMMENT 'DI값',
  `US10_BANK_CD` varchar(3) DEFAULT NULL COMMENT '은행코드',
  `US10_BANK_NAME` varchar(20) DEFAULT NULL COMMENT '은행명',
  `US10_ACCOUNT_NAME` varchar(14) DEFAULT NULL COMMENT '계좌명',
  `US10_ACCOUNT_NO` varchar(30) DEFAULT NULL COMMENT '계좌번호',
  `US10_BIRTHDAY` varchar(6) DEFAULT NULL COMMENT '생년월일',
  `US10_SEX` char(1) DEFAULT NULL COMMENT '성별',
  `US10_STATUS` char(1) NOT NULL DEFAULT 'N' COMMENT '완료여부(Y:완료,N:진행중)',
  `US10_REG_DATE` datetime NOT NULL DEFAULT CURRENT_TIMESTAMP COMMENT '등록일시',
  `US10_IP` varchar(20) NOT NULL COMMENT '고객접속 IP',
  PRIMARY KEY (`US10_SEQ`)
) ENGINE=InnoDB AUTO_INCREMENT=271 DEFAULT CHARSET=utf8 COMMENT='요청건관리'

insert  into `us10`(`US10_SEQ`,`CO10_ID`,`US10_ID`,`SV10_CODE`,`US10_NAME`,`US10_CELL_NO`,`US10_PIN_NO`,`US10_AGREE_1`,`US10_AGREE_2`,`US10_AGREE_3`,`US10_AGREE_4`,`US10_AGREE_5`,`US10_AGREE_6`,`US10_AGREE_7`,`US10_AGREE_8`,`US10_FILE_NAME_1`,`US10_FILE_NAME_2`,`US10_FILE_NAME_3`,`US10_FILE_NAME_4`,`US10_FILE_NAME_5`,`US10_ETC_1`,`US10_ETC_2`,`US10_AUTH_FLAG`,`US10_CI`,`US10_DI`,`US10_BANK_CD`,`US10_BANK_NAME`,`US10_ACCOUNT_NAME`,`US10_ACCOUNT_NO`,`US10_BIRTHDAY`,`US10_SEX`,`US10_STATUS`,`US10_REG_DATE`,`US10_IP`) values (25,'VOLVO','VOLVOTEST01032822786','GP001','정*호','01032**2786','855740','Y','Y','Y','Y','Y','Y',NULL,NULL,NULL,NULL,NULL,NULL,NULL,NULL,NULL,'C','','MC0GCCqGSIb3DQIJAyEAegCXoyEnghYYLOi0gHlFQfjVaSp6kXXA7zQ9564/j2k=',NULL,NULL,NULL,NULL,'760510','M','Y','2019-11-28 18:07:02','14.34.3.189'),(26,'VOLVO','VOLVOTEST01048847822','GP001',NULL,'01048**7822',NULL,NULL,NULL,NULL,NULL,NULL,NULL,NULL,NULL,NULL,NULL,NULL,NULL,NULL,NULL,NULL,NULL,NULL,NULL,NULL,NULL,NULL,NULL,NULL,NULL,'N','2019-11-28 18:59:49','223.62.175.88'),(27,'VOLVO','0030000788','GP001','표*익','01066**5874','737847','Y','Y','Y','Y','Y','Y',NULL,NULL,'ID',NULL,NULL,NULL,NULL,NULL,NULL,'C','','MC0GCCqGSIb3DQIJAyEAsBNRuQCQawc7jZ4yUwMLgoQbQ3UyAOVh72mC//yQG7w=','003','IBK기업은행','표동익','001****9202020','771220','M','Y','2019-11-29 09:12:43','110.70.26.88'),(28,'VOLVO','0030013880','GP001','조*상','01027**3371','189535','Y','Y','Y','Y','Y','Y',NULL,NULL,NULL,NULL,NULL,NULL,NULL,NULL,NULL,'C','','MC0GCCqGSIb3DQIJAyEAA5T6cDswSwmRVs32J6YMKvNDwxBfvCsy4ar2L7IOw2A=',NULL,NULL,NULL,NULL,'780605','M','Y','2019-11-29 09:52:27','211.231.103.94'),(29,'VOLVO','0030013921','GP001','조*상','01027**3371','517793','Y','Y','Y','Y','Y','Y',NULL,NULL,NULL,NULL,NULL,NULL,NULL,NULL,NULL,'C','','MC0GCCqGSIb3DQIJAyEAA5T6cDswSwmRVs32J6YMKvNDwxBfvCsy4ar2L7IOw2A=',NULL,NULL,NULL,NULL,'780605','M','Y','2019-11-29 10:14:34','223.62.169.138'),(30,'VOLVO','0030013939','GP001','표*익','01066**5874','002621','Y','Y','Y','Y','Y','Y',NULL,NULL,'ID',NULL,NULL,NULL,NULL,NULL,NULL,'A',NULL,NULL,'003','IBK기업은행','표동익','001****9202020','771220',NULL,'Y','2019-11-29 14:00:42','110.70.26.88');



DROP TABLE IF EXISTS `us11`;

CREATE TABLE `us11` (
  `US11_SEQ` int(11) NOT NULL AUTO_INCREMENT COMMENT '서비스 사용이력 항번',
  `CO10_ID` varchar(30) NOT NULL COMMENT '고객사ID',
  `US10_SEQ` int(11) NOT NULL COMMENT '요청관리번호',
  `SV10_CODE` varchar(6) NOT NULL COMMENT '서비스코드',
  `US11_REG_DATE` datetime NOT NULL DEFAULT CURRENT_TIMESTAMP COMMENT '등록일시',
  `US11_IP` varchar(20) NOT NULL COMMENT '접속IP',
  PRIMARY KEY (`US11_SEQ`)
) ENGINE=InnoDB AUTO_INCREMENT=467 DEFAULT CHARSET=utf8 COMMENT='요청건당 서비스 사용 횟수 로그'

insert  into `us11`(`US11_SEQ`,`CO10_ID`,`US10_SEQ`,`SV10_CODE`,`US11_REG_DATE`,`US11_IP`) values (126,'VOLVO',25,'VD002','2019-11-28 18:21:28','192.168.10.1'),(127,'VOLVO',27,'VD001','2019-11-29 09:12:47','110.70.26.88'),(128,'VOLVO',27,'VD003','2019-11-29 09:14:11','110.70.26.88'),(129,'VOLVO',27,'GP001','2019-11-29 09:14:42','110.70.26.88'),(130,'VOLVO',27,'VD001','2019-11-29 09:33:41','110.70.26.88'),(131,'VOLVO',27,'VD002','2019-11-29 09:35:31','110.70.26.88'),(132,'VOLVO',27,'GP001','2019-11-29 09:35:31','110.70.26.88'),(133,'VOLVO',28,'VD001','2019-11-29 09:52:46','223.62.169.138'),(134,'VOLVO',28,'VD002','2019-11-29 09:53:52','223.62.169.138'),(135,'VOLVO',28,'GP001','2019-11-29 09:53:52','223.62.169.138'),(136,'VOLVO',29,'VD001','2019-11-29 10:14:38','223.62.169.138'),(137,'VOLVO',29,'VD002','2019-11-29 10:15:45','223.62.169.138'),(138,'VOLVO',29,'GP001','2019-11-29 10:15:45','223.62.169.138'),(139,'VOLVO',30,'VD001','2019-11-29 14:00:47','110.70.26.88'),(140,'VOLVO',30,'VD003','2019-11-29 14:02:16','110.70.26.88'),(141,'VOLVO',30,'GP001','2019-11-29 14:03:15','110.70.26.88'),(142,'VOLVO',30,'VD001','2019-11-29 15:18:00','110.70.26.88'),(143,'VOLVO',30,'VD003','2019-11-29 15:20:42','110.70.26.88'),(144,'VOLVO',30,'GP001','2019-11-29 15:21:09','110.70.26.88'),(145,'VOLVO',30,'VD001','2019-11-29 15:40:26','110.70.26.88'),(146,'VOLVO',30,'VD001','2019-11-29 17:09:40','110.70.26.88'),(147,'VOLVO',30,'VD003','2019-11-29 17:11:22','110.70.26.88'),(148,'VOLVO',30,'GP001','2019-11-29 17:12:52','110.70.26.88');



DROP TABLE IF EXISTS `vd10`;

CREATE TABLE `vd10` (
  `VD10_ID` varchar(30) NOT NULL COMMENT '벤더사ID',
  `VD10_PWD` varchar(100) NOT NULL COMMENT '벤더사비밀번호',
  `VD10_NAME` varchar(50) NOT NULL COMMENT '기관명',
  `VD10_BIZ_NO` varchar(12) NOT NULL COMMENT '사업자 등록번호',
  `VD10_REG_DATE` datetime NOT NULL DEFAULT CURRENT_TIMESTAMP COMMENT '등록일시',
  `VD10_REG_ID` varchar(50) NOT NULL COMMENT '등록자ID',
  `VD10_MOD_DATE` datetime NOT NULL DEFAULT CURRENT_TIMESTAMP COMMENT '수정일시',
  `VD10_MOD_ID` varchar(50) NOT NULL COMMENT '수정자ID',
  PRIMARY KEY (`VD10_ID`)
) ENGINE=InnoDB DEFAULT CHARSET=utf8 COMMENT='벤더사관리'



DROP TABLE IF EXISTS `vd11`;

CREATE TABLE `vd11` (
  `VD11_SEQ` int(50) NOT NULL AUTO_INCREMENT COMMENT '벤더사담당자관리번호',
  `VD10_ID` varchar(30) NOT NULL COMMENT '벤더사ID',
  `VD11_TYPE` tinyint(4) NOT NULL COMMENT '담당파트(1:계약,2:전산,3:IT)',
  `VD11_NAME` varchar(30) NOT NULL COMMENT '담당자명',
  `VD11_CELL_NO` varchar(11) NOT NULL COMMENT '휴대폰번호',
  `VD11_EMAIL` varchar(100) NOT NULL COMMENT '이메일주소',
  `VD11_PUSH_YN` char(1) NOT NULL COMMENT '공지알림수신 여부',
  PRIMARY KEY (`VD11_SEQ`)
) ENGINE=InnoDB AUTO_INCREMENT=37 DEFAULT CHARSET=utf8 COMMENT='벤더사담당자관리'



DROP TABLE IF EXISTS `vd12`;

CREATE TABLE `vd12` (
  `VD10_ID` varchar(50) NOT NULL COMMENT '벤더사ID',
  `SV10_CODE` varchar(6) NOT NULL COMMENT '서비스코드',
  `VD12_COST` int(11) NOT NULL COMMENT '제공비용(원)',
  `VD12_USE_YN` char(1) NOT NULL COMMENT '사용여부',
  PRIMARY KEY (`VD10_ID`,`SV10_CODE`)
) ENGINE=InnoDB DEFAULT CHARSET=utf8 COMMENT='벤더사 제공 서비스 관리'

